ID,Tick,X,Y,Health,Energy,Satiety,Kinship,Status,Curiosity,Altruism,Intel,Age,Gen,Biome,Archetype,Karma,Alignment,Enlightenment,SoulAge,TribeId,NumMemes
1,1,7,16,100,94.9,99.5,49.9,0,10.1,50,50,1,0,Forest,Warrior,0,0,0,1,-1,0
2,1,17,13,100,99.4,99.5,49.9,0,10.1,50,50,1,0,Forest,Warrior,0,0,0,1,-1,0
3,1,13,14,100,99.4,99.5,49.9,0,10.1,50,50,1,0,Forest,Warrior,0,0,0,1,-1,0
4,1,1,14,100,96.9,99.5,49.9,0,10.1,50,60,1,0,Forest,Builder,0,0,0,1,-1,0
5,1,1,13,100,99.9,99.5,49.9,0,10.1,50,50,1,0,Forest,Warrior,0,0,0,1,-1,0
6,1,4,15,100,99.9,99.5,49.9,0,10.1,55,55,1,0,Forest,Prophet,0,0,0,1,-1,0
7,1,4,17,100,99.9,99.5,49.9,0,10.1,50,50,1,0,Forest,Warrior,0,0,0,1,-1,0
8,1,5,16,100,99.4,99.5,49.9,0,10.1,50,50,1,0,Forest,Warrior,0,0,0,1,-1,0
9,1,19,13,100,99.9,99.5,49.9,0,10.1,55,55,1,0,Forest,Prophet,0,0,0,1,-1,0
10,1,7,15,100,94.9,99.5,49.9,0,10.1,50,60,1,0,Forest,Builder,0,0,0,1,-1,0
11,1,13,16,100,99.9,99.5,49.9,0,10.1,50,50,1,0,Plains,Warrior,0,0,0,1,-1,0
12,1,14,14,100,97.9,99.5,50.4,0,10.1,55,55,1,0,Forest,Prophet,0,0,0,1,-1,0
13,1,15,18,100,99.4,99.5,49.9,0,30.1,50,50,1,0,Plains,Explorer,0,0,0,1,-1,0
14,1,19,19,100,99.9,99.5,59.9,0,10.1,70,50,1,0,Plains,Healer,0,0,0,1,-1,0
15,1,17,18,100,96.9,99.5,49.9,0,10.1,50,50,1,0,Plains,Warrior,0,0,0,1,-1,0
16,1,15,14,100,89.9,99.5,51.9,0,10.1,50,50,1,0,Forest,Warrior,2,0,0,1,-1,0
17,1,9,10,100,96.9,99.5,49.9,0,20.1,50,70,1,0,Mountain,Thinker,0,0,0,1,-1,0
18,1,17,17,100,99.4,99.5,49.9,0,10.1,55,55,1,0,Plains,Prophet,0,0,0,1,-1,0
19,1,18,17,100,99.4,99.5,49.9,0,10.1,50,50,1,0,Plains,Warrior,0,0,0,1,-1,0
20,1,16,12,100,99.9,99.5,49.9,0,20.1,50,70,1,0,Forest,Thinker,0,0,0,1,-1,0
1,2,7,16,100,89.8,99,49.8,0,10.2,50,50,2,0,Forest,Warrior,0,0,0,1,-1,0
2,2,17,13,100,94.3,99,49.8,0,10.2,50,50,2,0,Forest,Warrior,0,0,0,1,-1,0
3,2,13,14,100,99.9,99,49.8,0,10.2,50,50,2,0,Forest,Warrior,0,0,0,1,-1,0
4,2,1,14,100,93.8,99,49.8,0,10.2,50,60,2,0,Forest,Builder,0,0,0,1,-1,0
5,2,1,13,100,96.8,99,49.8,0,10.2,50,50,2,0,Forest,Warrior,0,0,0,1,-1,0
6,2,4,16,100,99.3,99,49.8,0,10.2,55,55,2,0,Forest,Prophet,0,0,0,1,-1,0
7,2,4,17,100,99.9,99,49.8,0,10.2,50,50,2,0,Forest,Warrior,0,0,0,1,-1,0
8,2,5,16,100,89.3,99,51.8,0,10.2,50,50,2,0,Forest,Warrior,2,0,0,1,-1,0
9,2,19,13,100,94.8,99,50.8,0,10.2,56,55,2,0,Forest,Prophet,3,0.03,0,1,-1,0
10,2,7,15,100,84.8,99,51.8,0,10.2,50,60,2,0,Forest,Builder,2,0,0,1,-1,0
11,2,12,16,100,99.3,99,49.8,0,10.2,50,50,2,0,Forest,Warrior,0,0,0,1,-1,0
12,2,14,14,100,95.8,99,50.8,0,10.2,55,55,2,0,Forest,Prophet,0,0,0,1,-1,0
13,2,15,17,100,98.8,99,49.8,0,30.2,50,50,2,0,Plains,Explorer,0,0,0,1,-1,0
14,2,19,19,100,99.8,99,59.8,0,10.2,70,50,2,0,Plains,Healer,0,0,0,1,-1,0
15,2,17,18,100,99.9,99,49.8,0,10.2,50,50,2,0,Plains,Warrior,0,0,0,1,-1,0
16,2,15,14,100,79.8,99,53.8,0,10.2,50,50,2,0,Forest,Warrior,4,0,0,1,-1,0
17,2,9,10,100,86.8,99,51.8,0,20.2,50,70,2,0,Mountain,Thinker,2,0,0,1,-1,0
18,2,16,17,100,98.8,99,49.8,0,10.2,55,55,2,0,Plains,Prophet,0,0,0,1,-1,0
19,2,18,17,100,99.9,99,49.8,0,10.2,50,50,2,0,Plains,Warrior,0,0,0,1,-1,0
20,2,16,12,100,99.8,99,49.8,0,20.2,50,70,2,0,Forest,Thinker,0,0,0,1,-1,0
1,3,7,16,100,86.7,98.5,49.7,0,10.3,50,50,3,0,Forest,Warrior,0,0,0,1,-1,0
2,3,17,13,100,94.2,98.5,49.7,0,10.3,50,50,3,0,Forest,Warrior,0,0,0,1,-1,0
3,3,14,14,100,99.3,98.5,49.7,0,10.3,50,50,3,0,Forest,Warrior,0,0,0,1,-1,0
4,3,1,14,100,90.7,98.5,49.7,0,10.3,50,60,3,0,Forest,Builder,0,0,0,1,-1,0
5,3,1,13,100,93.7,98.5,49.7,0,10.3,50,50,3,0,Forest,Warrior,0,0,0,1,-1,0
6,3,4,16,100,96.2,98.5,49.7,0,10.3,55,55,3,0,Forest,Prophet,0,0,0,1,-1,0
7,3,4,17,100,94.8,98.5,49.7,0,10.3,50,50,3,0,Forest,Warrior,0,0,0,1,-1,0
8,3,5,16,100,79.2,98.5,53.7,0,10.3,50,50,3,0,Forest,Warrior,4,0,0,1,-1,0
9,3,19,13,100,89.7,98.5,51.7,0,10.3,57,55,3,0,Forest,Prophet,6,0.06,0,1,-1,0
10,3,7,15,100,74.7,98.5,53.7,0,10.3,50,60,3,0,Forest,Builder,4,0,0,1,-1,0
11,3,12,16,100,69.2,98.5,49.7,1.95,10.3,50,50,3,0,Forest,Warrior,5,0,0,1,-1,0
12,3,14,14,100,93.7,98.5,51.2,0,10.3,55,55,3,0,Forest,Prophet,0,0,0,1,-1,0
13,3,15,17,100,95.7,98.5,49.7,0,30.3,50,50,3,0,Plains,Explorer,0,0,0,1,-1,0
14,3,19,19,100,94.7,98.5,60.7,0,10.3,71,50,3,0,Plains,Healer,3,0.03,0,1,-1,0
15,3,17,18,100,99.8,98.5,49.7,0,10.3,50,50,3,0,Plains,Warrior,0,0,0,1,-1,0
16,3,15,14,100,69.7,98.5,55.7,0,10.3,50,50,3,0,Forest,Warrior,6,0,0,1,-1,0
17,3,9,10,100,76.7,98.5,53.7,0,20.3,50,70,3,0,Mountain,Thinker,4,0,0,1,-1,0
18,3,15,17,100,98.2,98.5,49.7,0,10.3,55,55,3,0,Plains,Prophet,0,0,0,1,-1,0
19,3,18,17,100,98.8,98.5,49.7,0,10.3,50,50,3,0,Plains,Warrior,0,0.02,0.2,1,-1,0
20,3,16,12,100,99.7,98.5,49.7,0,20.3,50,70,3,0,Forest,Thinker,0,0,0,1,-1,0
1,4,7,16,100,83.6,98,49.6,0,10.4,50,50,4,0,Forest,Warrior,0,0,0,1,-1,0
2,4,17,12,100,93.6,98,49.6,0,10.4,50,50,4,0,Forest,Warrior,0,0,0,1,-1,0
3,4,14,14,100,69.2,98,49.6,1.95,10.4,50,50,4,0,Forest,Warrior,5,0,0,1,-1,0
4,4,1,14,100,87.6,98,49.6,0,10.4,50,60,4,0,Forest,Builder,0,0,0,1,-1,0
5,4,1,13,100,90.6,98,49.6,0,10.4,50,50,4,0,Forest,Warrior,0,0,0,1,-1,0
6,4,4,16,100,93.1,98,49.6,0,10.4,55,55,4,0,Forest,Prophet,0,0,0,1,-1,0
7,4,4,17,100,92.7,98,50.1,0,10.4,50,50,4,0,Forest,Warrior,0,0,0,1,-1,0
8,4,5,16,100,69.1,98,55.6,0,10.4,50,50,4,0,Forest,Warrior,6,0,0,1,-1,0
9,4,19,13,100,84.6,98,52.6,0,10.4,58,55,4,0,Forest,Prophet,9,0.09,0,1,-1,0
10,4,7,15,100,64.6,98,55.6,0,10.4,50,60,4,0,Forest,Builder,6,0,0,1,-1,0
11,4,12,16,100,69.1,98,49.6,1.9,10.4,50,50,4,0,Forest,Warrior,5,0,0,1,-1,0
12,4,14,14,100,91.6,98,51.6,0,10.4,55,55,4,0,Forest,Prophet,0,0,0,1,-1,0
13,4,15,17,100,87.6,98,52.6,0.95,30.4,50,50,4,0,Plains,Explorer,2,0,0,1,-1,0
14,4,19,19,100,89.6,98,61.6,0,10.4,72,50,4,0,Plains,Healer,6,0.06,0,1,-1,0
15,4,17,18,100,99.9,98,49.6,0,10.4,50,50,4,0,Plains,Warrior,0,0,0,1,-1,0
16,4,15,14,100,59.6,98,57.6,0,10.4,50,50,4,0,Forest,Warrior,8,0,0,1,-1,0
17,4,9,10,100,66.6,98,55.6,0,20.4,50,70,4,0,Mountain,Thinker,6,0,0,1,-1,0
18,4,15,17,100,73.1,98,52.6,1.95,10.4,55,55,4,0,Plains,Prophet,5,0,0,1,-1,0
19,4,18,17,100,93.7,100,49.6,0,10.4,50,50,4,0,Plains,Warrior,0,0.02,0.2,1,-1,0
20,4,16,12,100,99.6,98,49.6,0,20.4,50,70,4,0,Forest,Thinker,0,0,0,1,-1,0
1,5,7,16,100,80.5,97.5,49.5,0,10.5,50,50,5,0,Forest,Warrior,0,0,0,1,-1,0
2,5,17,12,100,93.5,97.5,49.5,0,10.5,50,50,5,0,Forest,Warrior,0,0,0,1,-1,0
3,5,14,14,100,69.1,97.5,49.5,1.9,10.5,50,50,5,0,Forest,Warrior,5,0,0,1,-1,0
4,5,1,14,100,84.5,97.5,49.5,0,10.5,50,60,5,0,Forest,Builder,0,0,0,1,-1,0
5,5,1,13,100,87.5,97.5,49.5,0,10.5,50,50,5,0,Forest,Warrior,0,0,0,1,-1,0
6,5,4,16,100,88,97.5,49.5,0,10.5,53,55,5,0,Forest,Prophet,-5,-0.05,0,1,-1,0
7,5,4,17,100,90.6,97.5,50.5,0,10.5,50,50,5,0,Forest,Warrior,0,0,0,1,-1,0
8,5,5,16,100,59,97.5,57.5,0,10.5,50,50,5,0,Forest,Warrior,8,0,0,1,-1,0
9,5,19,12,100,84,97.5,52.5,0,10.5,58,55,5,0,Forest,Prophet,9,0.09,0,1,-1,0
10,5,7,15,100,54.5,97.5,57.5,0,10.5,50,60,5,0,Forest,Builder,8,0,0,1,-1,0
11,5,12,16,100,69,97.5,49.5,1.85,10.5,50,50,5,0,Forest,Warrior,5,0,0,1,-1,0
12,5,14,14,100,89.5,97.5,52,0,10.5,55,55,5,0,Forest,Prophet,0,0,0,1,-1,0
13,5,15,17,100,79.5,97.5,55.5,1.9,30.5,50,50,5,0,Plains,Explorer,4,0,0,1,-1,0
14,5,19,19,100,89,97.5,61.5,0,10.5,72,50,5,0,Plains,Healer,6,0.06,0,1,-1,0
15,5,17,18,100,69.8,97.5,49.5,1.95,10.5,50,50,5,0,Plains,Warrior,5,0,0,1,-1,0
16,5,15,15,100,59,97.5,57.5,0,10.5,50,50,5,0,Forest,Warrior,8,0,0,1,-1,0
17,5,9,10,100,56.5,97.5,57.5,0,20.5,50,70,5,0,Mountain,Thinker,8,0,0,1,-1,0
18,5,15,17,100,78,97.5,55.5,1.9,10.5,55,55,5,0,Plains,Prophet,5,0,0,1,-1,0
19,5,17,17,100,93.1,99.5,49.5,0,10.5,50,50,5,0,Plains,Warrior,0,0.02,0.2,1,-1,0
20,5,16,12,100,94.5,97.5,49.5,0,20.5,48,70,5,0,Forest,Thinker,-5,-0.05,0,1,-1,0
1,6,7,16,100,77.4,97,49.4,0,10.6,50,50,6,0,Forest,Warrior,0,0,0,1,-1,0
2,6,17,12,100,93.4,97,49.4,0,10.6,50,50,6,0,Forest,Warrior,0,0,0,1,1,0
3,6,14,14,100,69,97,49.4,1.85,10.6,50,50,6,0,Forest,Warrior,5,0,0,1,1,0
4,6,1,14,100,81.4,97,49.4,0,10.6,50,60,6,0,Forest,Builder,0,0,0,1,-1,0
5,6,1,13,100,84.4,97,49.4,0,10.6,50,50,6,0,Forest,Warrior,0,0,0,1,-1,0
6,6,4,16,100,84.9,97,49.4,0,10.6,53,55,6,0,Forest,Prophet,-5,-0.05,0,1,-1,0
7,6,4,17,100,85.5,97,50.4,0,10.6,48,50,6,0,Forest,Warrior,-5,-0.05,0,1,-1,0
8,6,5,16,100,48.9,97,59.4,0,10.6,50,50,6,0,Forest,Warrior,10,0,0,1,-1,0
9,6,19,11,100,83.4,97,52.4,0,10.6,58,55,6,0,Forest,Prophet,9,0.09,0,1,1,0
10,6,7,15,100,44.4,97,59.4,0,10.6,50,60,6,0,Forest,Builder,10,0,0,1,-1,0
11,6,12,16,100,68.9,97,49.4,1.8,10.6,50,50,6,0,Forest,Warrior,5,0,0,1,-1,0
12,6,14,14,100,87.4,97,52.4,0,10.6,55,55,6,0,Forest,Prophet,0,0,0,1,1,0
13,6,15,17,100,71.4,97,58.4,2.85,30.6,50,50,6,0,Plains,Explorer,6,0,0,1,-1,0
14,6,19,19,100,85.9,97,61.4,0,10.6,72,50,6,0,Plains,Healer,6,0.06,0,1,-1,0
15,6,16,18,100,69.2,97,49.4,1.9,10.6,50,50,6,0,Plains,Warrior,5,0,0,1,-1,0
16,6,15,15,100,48.9,97,59.4,0,10.6,50,50,6,0,Forest,Warrior,10,0,0,1,1,0
17,6,9,10,100,46.4,97,59.4,0,20.6,50,70,6,0,Mountain,Thinker,10,0,0,1,-1,0
18,6,15,17,100,82.9,97,58.4,1.85,10.6,55,55,6,0,Plains,Prophet,5,0,0,1,-1,0
19,6,18,17,100,92.5,99,49.4,0,10.6,50,50,6,0,Plains,Warrior,0,0.02,0.2,1,-1,0
20,6,16,12,100,89.4,97,54.4,0,20.6,49,70,6,0,Forest,Thinker,0,-0.05,0,1,1,0
1,7,7,16,100,74.3,96.5,49.3,0,10.7,50,50,7,0,Forest,Warrior,0,0,0,1,-1,0
2,7,17,11,100,92.8,96.5,49.3,0,10.7,50,50,7,0,Forest,Warrior,0,0,0,1,1,0
3,7,14,14,100,68.9,96.5,49.3,1.8,10.7,50,50,7,0,Forest,Warrior,5,0,0,1,1,0
4,7,1,14,100,78.3,96.5,49.3,0,10.7,50,60,7,0,Forest,Builder,0,0,0,1,-1,0
5,7,1,13,100,81.3,96.5,49.3,0,10.7,50,50,7,0,Forest,Warrior,0,0,0,1,-1,0
6,7,4,16,100,81.8,96.5,49.3,0,10.7,53,55,7,0,Forest,Prophet,-5,-0.05,0,1,-1,0
7,7,4,17,100,83.4,96.5,50.8,0,10.7,48,50,7,0,Forest,Warrior,-5,-0.05,0,1,-1,0
8,7,5,16,100,38.8,96.5,61.3,0,10.7,50,50,7,0,Forest,Warrior,12,0,0,1,-1,0
9,7,19,10,100,82.8,96.5,52.3,0,10.7,58,55,7,0,Forest,Prophet,9,0.09,0,1,1,0
10,7,7,15,100,34.3,96.5,61.3,0,10.7,50,60,7,0,Forest,Builder,12,0,0,1,-1,0
11,7,12,16,100,68.8,96.5,49.3,1.75,10.7,50,50,7,0,Forest,Warrior,5,0,0,1,-1,0
12,7,14,14,100,85.3,96.5,52.8,0,10.7,55,55,7,0,Forest,Prophet,0,0,0,1,1,0
13,7,15,17,100,63.3,96.5,61.3,3.8,30.7,50,50,7,0,Plains,Explorer,8,0,0,1,-1,0
14,7,19,19,100,84.8,96.5,61.3,0,10.7,72,50,7,0,Plains,Healer,6,0.08,0.2,1,-1,0
15,7,16,18,100,39.1,96.5,49.3,3.85,10.7,50,50,7,0,Plains,Warrior,10,0,0,1,-1,0
16,7,15,15,100,38.8,96.5,61.3,0,10.7,50,50,7,0,Forest,Warrior,12,0,0,1,1,0
17,7,9,10,100,36.3,96.5,61.3,0,20.7,50,70,7,0,Mountain,Thinker,12,0,0,1,-1,0
18,7,15,17,100,87.8,96.5,61.3,1.8,10.7,55,55,7,0,Plains,Prophet,5,0,0,1,-1,0
19,7,18,17,100,87.4,98.5,49.3,0,10.7,50,50,7,0,Plains,Warrior,0,0.02,0.2,1,-1,0
20,7,16,12,100,84.3,96.5,59.3,0,20.7,50,70,7,0,Forest,Thinker,0,-0.05,0,1,1,0
1,8,7,16,100,71.2,96,49.2,0,10.8,50,50,8,0,Forest,Warrior,0,0,0,1,-1,0
2,8,17,11,100,87.7,94,49.2,0,12.8,50,50,8,0,Forest,Warrior,0,0,0,1,1,0
3,8,14,14,100,68.8,96,49.2,1.75,10.8,50,50,8,0,Forest,Warrior,5,0,0,1,1,0
4,8,1,14,100,75.2,96,49.2,0,10.8,50,60,8,0,Forest,Builder,0,0,0,1,-1,0
5,8,1,13,100,78.2,96,49.2,0,10.8,50,50,8,0,Forest,Warrior,0,0,0,1,-1,0
6,8,4,16,100,78.7,96,49.2,0,10.8,53,55,8,0,Forest,Prophet,-5,-0.05,0,1,-1,0
7,8,4,17,100,81.3,96,51.2,0,10.8,48,50,8,0,Forest,Warrior,-5,-0.05,0,1,-1,0
8,8,5,16,100,28.7,96,63.2,0,10.8,50,50,8,0,Forest,Warrior,14,0,0,1,-1,0
9,8,19,9,100,81.7,96,52.2,0,10.8,58,55,8,0,Mountain,Prophet,9,0.09,0,1,1,0
10,8,7,15,100,24.2,96,63.2,0,10.8,50,60,8,0,Forest,Builder,14,0,0,1,-1,0
11,8,12,16,100,68.7,96,49.2,1.7,10.8,50,50,8,0,Forest,Warrior,5,0,0,1,-1,0
12,8,14,14,100,83.2,96,53.2,0,10.8,55,55,8,0,Forest,Prophet,0,0,0,1,1,0
13,8,15,17,100,55.2,96,64.2,4.75,30.8,50,50,8,0,Plains,Explorer,10,0,0,1,-1,0
14,8,19,19,100,84.7,96,61.2,0,10.8,72,50,8,0,Plains,Healer,6,0.08,0.2,1,-1,0
15,8,16,18,100,39,96,49.2,3.8,10.8,50,50,8,0,Plains,Warrior,10,0,0,1,-1,0
16,8,15,15,100,28.7,96,63.2,0,10.8,50,50,8,0,Forest,Warrior,14,0,0,1,1,0
17,8,9,10,100,26.2,96,63.2,0,20.8,50,70,8,0,Mountain,Thinker,14,0,0,1,-1,0
18,8,15,17,100,92.7,96,64.2,1.75,10.8,55,55,8,0,Plains,Prophet,5,0,0,1,-1,0
19,8,18,18,100,86.8,98,49.2,0,10.8,50,50,8,0,Plains,Warrior,0,0.02,0.2,1,-1,0
20,8,16,12,100,79.2,96,64.2,0,20.8,51,70,8,0,Forest,Thinker,0,-0.05,0,1,1,0
1,9,7,16,100,68.1,95.5,49.1,0,10.9,50,50,9,0,Forest,Warrior,0,0,0,1,-1,0
2,9,17,12,100,87.1,93.5,49.1,0,12.9,50,50,9,0,Forest,Warrior,0,0,0,1,1,0
3,9,14,14,100,68.7,95.5,49.1,1.7,10.9,50,50,9,0,Forest,Warrior,5,0,0,1,1,0
4,9,1,14,100,72.1,95.5,49.1,0,10.9,50,60,9,0,Forest,Builder,0,0,0,1,-1,0
5,9,1,13,100,75.1,95.5,49.1,0,10.9,50,50,9,0,Forest,Warrior,0,0,0,1,-1,0
6,9,4,16,100,75.6,95.5,49.1,0,10.9,53,55,9,0,Forest,Prophet,-5,-0.05,0,1,-1,0
7,9,4,17,100,79.2,95.5,51.6,0,10.9,48,50,9,0,Forest,Warrior,-5,-0.05,0,1,-1,0
8,9,5,16,100,18.6,95.5,65.1,0,10.9,50,50,9,0,Forest,Warrior,16,0,0,1,-1,0
9,9,19,8,100,80.6,95.5,52.1,0,10.9,58,55,9,0,Mountain,Prophet,9,0.09,0,1,1,0
10,9,7,15,100,14.1,95.5,65.1,0,10.9,50,60,9,0,Forest,Builder,16,0,0,1,-1,0
11,9,12,16,100,68.6,95.5,49.1,1.65,10.9,50,50,9,0,Forest,Warrior,5,0,0,1,-1,0
12,9,14,14,100,81.1,95.5,53.6,0,10.9,55,55,9,0,Forest,Prophet,0,0,0,1,1,0
13,9,15,17,100,47.1,95.5,67.1,5.7,30.9,50,50,9,0,Plains,Explorer,12,0,0,1,-1,0
14,9,19,19,100,79.6,95.5,62.1,0,10.9,73,50,9,0,Plains,Healer,9,0.11,0.2,1,-1,0
15,9,16,18,100,38.9,95.5,49.1,3.75,10.9,50,50,9,0,Plains,Warrior,10,0,0,1,-1,0
16,9,15,15,100,18.6,95.5,65.1,0,10.9,50,50,9,0,Forest,Warrior,16,0,0,1,1,0
17,9,9,10,100,16.1,95.5,65.1,0,20.9,50,70,9,0,Mountain,Thinker,16,0,0,1,-1,0
18,9,15,17,100,97.6,95.5,67.1,1.7,10.9,55,55,9,0,Plains,Prophet,5,0,0,1,-1,0
19,9,18,18,100,81.7,95.5,49.1,0,12.9,50,50,9,0,Plains,Warrior,0,0.02,0.2,1,-1,0
20,9,16,12,100,78.1,95.5,64.1,0,20.9,51,70,9,0,Forest,Thinker,0,-0.03,0.2,1,1,0
1,10,7,16,100,65,95,49,0,11,50,50,10,0,Forest,Warrior,0,0,0,1,-1,0
2,10,17,12,100,82,93,49,0,13,50,50,10,0,Forest,Warrior,0,0,0,1,1,0
3,10,14,14,100,68.6,95,49,1.65,11,50,50,10,0,Forest,Warrior,5,0,0,1,1,0
4,10,1,14,100,67,93,49,0,13,50,60,10,0,Forest,Builder,0,0,0,1,-1,0
5,10,1,13,100,72,95,49,0,11,50,50,10,0,Forest,Warrior,0,0,0,1,-1,0
6,10,4,16,100,72.5,95,49,0,11,53,55,10,0,Forest,Prophet,-5,-0.05,0,1,-1,0
7,10,4,17,100,77.1,95,52,0,11,48,50,10,0,Forest,Warrior,-5,-0.05,0,1,-1,0
8,10,5,16,100,8.50001,95,67,0,11,50,50,10,0,Forest,Warrior,18,0,0,1,-1,0
9,10,19,7,100,79.3,95,52,0,11,58,55,10,0,Mountain,Prophet,9,0.09,0,1,1,0
10,10,7,15,100,4.00001,95,67,0,11,50,60,10,0,Forest,Builder,18,0,0,1,-1,0
11,10,12,16,100,68.5,95,49,1.6,11,50,50,10,0,Forest,Warrior,5,0,0,1,-1,0
12,10,15,14,100,80.4,95,53.5,0,11,55,55,10,0,Forest,Prophet,0,0,0,1,1,0
13,10,15,17,100,39,95,70,6.65,31,50,50,10,0,Plains,Explorer,14,0,0,1,-1,0
14,10,19,19,100,74.5,95,63,0,11,74,50,10,0,Plains,Healer,12,0.14,0.2,1,-1,0
15,10,16,18,100,38.8,95,49,3.7,11,50,50,10,0,Plains,Warrior,10,0,0,1,-1,0
16,10,15,15,100,8.50001,95,67,0,11,50,50,10,0,Forest,Warrior,18,0,0,1,1,0
17,10,9,10,100,6.00001,95,67,0,21,50,70,10,0,Mountain,Thinker,18,0,0,1,-1,0
18,10,15,17,100,100,95,70,1.65,11,55,55,10,0,Plains,Prophet,5,0,0,1,-1,0
19,10,18,19,100,81,95,49,0,13,50,50,10,0,Plains,Warrior,0,0.02,0.2,1,-1,0
20,10,16,12,100,73,95,69,0,21,52,70,10,0,Forest,Thinker,0,-0.03,0.2,1,1,0
1,11,7,16,100,61.9,94.5,48.9,0,11.1,50,50,11,0,Forest,Warrior,0,0,0,1,-1,0
2,11,17,12,100,76.9,92.5,49.9,0,13.1,51,50,11,0,Forest,Warrior,3,0.03,0,1,1,0
3,11,14,14,100,68.5,94.5,48.9,1.6,11.1,50,50,11,0,Forest,Warrior,5,0,0,1,1,0
4,11,1,14,100,63.9,92.5,48.9,0,13.1,50,60,11,0,Forest,Builder,0,0,0,1,-1,0
5,11,1,13,100,68.9,94.5,48.9,0,11.1,50,50,11,0,Forest,Warrior,0,0,0,1,-1,0
6,11,4,16,100,69.4,94.5,48.9,0,11.1,53,55,11,0,Forest,Prophet,-5,-0.05,0,1,-1,0
7,11,4,17,100,75,94.5,52.4,0,11.1,48,50,11,0,Forest,Warrior,-5,-0.05,0,1,-1,0
8,11,5,16,95,0,94.5,68.9,0,11.1,50,50,11,0,Forest,Warrior,20,0,0,1,-1,0
9,11,19,6,100,78,94.5,51.9,0,11.1,58,55,11,0,Mountain,Prophet,9,0.09,0,1,1,0
10,11,7,15,95,0,94.5,68.9,0,11.1,50,60,11,0,Forest,Builder,20,0,0,1,-1,0
11,11,12,16,100,68.4,94.5,48.9,1.55,11.1,50,50,11,0,Forest,Warrior,5,0,0,1,-1,0
12,11,15,14,100,78.3,94.5,53.9,0,11.1,55,55,11,0,Forest,Prophet,0,0,0,1,1,0
13,11,14,17,100,38.3,94.5,69.9,6.6,31.1,50,50,11,0,Plains,Explorer,14,0,0,1,-1,0
14,11,19,19,100,69.4,94.5,63.9,0,11.1,75,50,11,0,Plains,Healer,15,0.17,0.2,1,-1,0
15,11,16,18,100,38.7,94.5,48.9,3.65,11.1,50,50,11,0,Plains,Warrior,10,0,0,1,-1,0
16,11,15,15,95,0,94.5,68.9,0,11.1,50,50,11,0,Forest,Warrior,20,0,0,1,1,0
17,11,9,10,95,0,94.5,68.9,0,21.1,50,70,11,0,Mountain,Thinker,20,0,0,1,-1,0
18,11,15,17,100,99.9,94.5,69.9,1.6,11.1,55,55,11,0,Plains,Prophet,5,0,0,1,-1,0
19,11,17,19,100,80.3,94.5,48.9,0,13.1,50,50,11,0,Plains,Warrior,0,0.02,0.2,1,-1,0
20,11,16,11,100,72.3,94.5,68.9,0,21.1,52,70,11,0,Forest,Thinker,0,-0.03,0.2,1,1,0
1,12,7,16,100,58.8,94,48.8,0,11.2,50,50,12,0,Forest,Warrior,0,0,0,1,-1,0
2,12,17,12,100,71.8,92,50.8,0,13.2,52,50,12,0,Forest,Warrior,6,0.06,0,1,1,0
3,12,14,14,100,68.4,94,48.8,1.55,11.2,50,50,12,0,Forest,Warrior,5,0,0,1,1,0
4,12,1,14,100,60.8,92,48.8,0,13.2,50,60,12,0,Forest,Builder,0,0,0,1,-1,0
5,12,1,13,100,65.8,94,48.8,0,11.2,50,50,12,0,Forest,Warrior,0,0,0,1,-1,0
6,12,4,16,100,66.3,94,48.8,0,11.2,53,55,12,0,Forest,Prophet,-5,-0.05,0,1,-1,0
7,12,4,17,100,72.9,94,52.8,0,11.2,48,50,12,0,Forest,Warrior,-5,-0.05,0,1,-1,0
8,12,5,16,90,0,94,70.8,0,11.2,50,50,12,0,Forest,Warrior,22,0,0,1,-1,0
9,12,19,5,100,76.7,94,51.8,0,11.2,58,55,12,0,Mountain,Prophet,9,0.09,0,1,1,0
10,12,7,15,90,0,94,70.8,0,11.2,50,60,12,0,Forest,Builder,22,0,0,1,-1,0
11,12,12,16,100,68.3,94,48.8,1.5,11.2,50,50,12,0,Forest,Warrior,5,0,0,1,-1,0
12,12,15,14,100,76.2,94,54.3,0,11.2,55,55,12,0,Forest,Prophet,0,0,0,1,1,0
13,12,14,17,100,35.2,94,69.8,6.55,31.2,50,50,12,0,Plains,Explorer,14,0,0,1,-1,0
14,12,19,19,100,64.3,94,64.8,0,11.2,76,50,12,0,Plains,Healer,18,0.2,0.2,1,-1,0
15,12,16,18,100,38.6,94,48.8,3.6,11.2,50,50,12,0,Plains,Warrior,10,0,0,1,-1,0
16,12,15,15,90,0,94,70.8,0,11.2,50,50,12,0,Forest,Warrior,22,0,0,1,1,0
17,12,9,10,90,0,94,70.8,0,21.2,50,70,12,0,Mountain,Thinker,22,0,0,1,-1,0
18,12,15,17,100,99.8,94,69.8,1.55,11.2,55,55,12,0,Plains,Prophet,5,0,0,1,-1,0
19,12,17,19,100,79.2,94,48.8,0,13.2,50,50,12,0,Plains,Warrior,0,0.04,0.4,1,-1,0
20,12,16,10,100,71,94,68.8,0,21.2,52,70,12,0,Mountain,Thinker,0,-0.03,0.2,1,1,0
1,13,7,16,100,55.7,93.5,48.7,0,11.3,50,50,13,0,Forest,Warrior,0,0,0,1,-1,0
2,13,17,12,100,66.7,91.5,51.7,0,13.3,53,50,13,0,Forest,Warrior,9,0.09,0,1,1,0
3,13,14,14,100,68.3,93.5,48.7,1.5,11.3,50,50,13,0,Forest,Warrior,5,0,0,1,1,0
4,13,1,14,100,57.7,91.5,48.7,0,13.3,50,60,13,0,Forest,Builder,0,0,0,1,-1,0
5,13,1,13,100,62.7,93.5,48.7,0,11.3,50,50,13,0,Forest,Warrior,0,0,0,1,-1,0
6,13,4,16,100,63.2,93.5,48.7,0,11.3,53,55,13,0,Forest,Prophet,-5,-0.05,0,1,-1,0
7,13,4,17,100,70.8,93.5,53.2,0,11.3,48,50,13,0,Forest,Warrior,-5,-0.05,0,1,-1,0
8,13,5,16,85,0,93.5,72.7,0,11.3,50,50,13,0,Forest,Warrior,24,0,0,1,-1,0
9,13,19,4,100,75.4,93.5,51.7,0,11.3,58,55,13,0,Mountain,Prophet,9,0.09,0,1,1,0
10,13,7,15,85,0,93.5,72.7,0,11.3,50,60,13,0,Forest,Builder,24,0,0,1,-1,0
11,13,12,16,100,68.2,93.5,48.7,1.45,11.3,50,50,13,0,Forest,Warrior,5,0,0,1,-1,0
12,13,15,14,100,74.1,93.5,54.7,0,11.3,55,55,13,0,Forest,Prophet,0,0,0,1,1,0
13,13,14,17,100,32.1,93.5,69.7,6.5,31.3,50,50,13,0,Plains,Explorer,14,0,0,1,-1,0
14,13,19,19,100,59.2,93.5,65.7,0,11.3,77,50,13,0,Plains,Healer,21,0.23,0.2,1,-1,0
15,13,16,18,100,38.5,93.5,48.7,3.55,11.3,50,50,13,0,Plains,Warrior,10,0,0,1,-1,0
16,13,15,15,85,0,93.5,72.7,0,11.3,50,50,13,0,Forest,Warrior,24,0,0,1,1,0
17,13,9,10,85,0,93.5,72.7,0,21.3,50,70,13,0,Mountain,Thinker,24,0,0,1,-1,0
18,13,15,17,100,99.7,93.5,69.7,1.5,11.3,55,55,13,0,Plains,Prophet,5,0,0,1,-1,0
19,13,17,19,100,77.1,93.5,49.2,0,13.3,50,50,13,0,Plains,Warrior,0,0.04,0.4,1,-1,0
20,13,16,9,100,69.7,93.5,68.7,0,21.3,52,70,13,0,Mountain,Thinker,0,-0.03,0.2,1,1,0
1,14,7,16,100,52.6,93,48.6,0,11.4,50,50,14,0,Forest,Warrior,0,0,0,1,-1,0
2,14,18,12,100,66,91,51.6,0,13.4,53,50,14,0,Forest,Warrior,9,0.09,0,1,1,0
3,14,14,14,100,68.2,93,48.6,1.45,11.4,50,50,14,0,Forest,Warrior,5,0,0,1,1,0
4,14,1,14,100,54.6,91,48.6,0,13.4,50,60,14,0,Forest,Builder,0,0,0,1,-1,0
5,14,1,13,100,59.6,93,48.6,0,11.4,50,50,14,0,Forest,Warrior,0,0,0,1,-1,0
6,14,4,16,100,60.1,93,48.6,0,11.4,53,55,14,0,Forest,Prophet,-5,-0.05,0,1,-1,0
7,14,4,17,100,68.7,93,53.6,0,11.4,48,50,14,0,Forest,Warrior,-5,-0.05,0,1,-1,0
8,14,5,16,80,0,93,74.6,0,11.4,50,50,14,0,Forest,Warrior,26,0,0,1,-1,0
9,14,19,3,100,74.1,93,51.6,0,11.4,58,55,14,0,Mountain,Prophet,9,0.09,0,1,1,0
10,14,7,15,80,0,93,74.6,0,11.4,50,60,14,0,Forest,Builder,26,0,0,1,-1,0
11,14,12,16,100,68.1,93,48.6,1.4,11.4,50,50,14,0,Forest,Warrior,5,0,0,1,-1,0
12,14,15,14,100,72,93,55.1,0,11.4,55,55,14,0,Forest,Prophet,0,0,0,1,1,0
13,14,14,17,100,29,93,69.6,6.45,31.4,50,50,14,0,Plains,Explorer,14,0,0,1,-1,0
14,14,19,19,100,54.1,93,66.6,0,11.4,78,50,14,0,Plains,Healer,24,0.26,0.2,1,-1,0
15,14,16,18,100,38.4,93,48.6,3.5,11.4,50,50,14,0,Plains,Warrior,10,0,0,1,-1,0
16,14,15,15,80,0,93,74.6,0,11.4,50,50,14,0,Forest,Warrior,26,0,0,1,1,0
17,14,9,10,80,0,93,74.6,0,21.4,50,70,14,0,Mountain,Thinker,26,0,0,1,-1,0
18,14,15,17,100,99.6,93,69.6,1.45,11.4,55,55,14,0,Plains,Prophet,5,0,0,1,-1,0
19,14,17,19,100,75,93,49.6,0,13.4,50,50,14,0,Plains,Warrior,0,0.04,0.4,1,-1,0
20,14,16,8,100,68.4,93,68.6,0,21.4,52,70,14,0,Mountain,Thinker,0,-0.03,0.2,1,1,0
1,15,7,16,100,49.5,92.5,48.5,0,11.5,50,50,15,0,Forest,Warrior,0,0,0,1,-1,0
2,15,18,11,100,65.3,90.5,51.5,0,13.5,53,50,15,0,Forest,Warrior,9,0.09,0,1,1,0
3,15,14,14,100,68.1,92.5,48.5,1.4,11.5,50,50,15,0,Forest,Warrior,5,0,0,1,1,0
4,15,1,14,100,51.5,90.5,48.5,0,13.5,50,60,15,0,Forest,Builder,0,0,0,1,-1,0
5,15,1,13,100,56.5,92.5,48.5,0,11.5,50,50,15,0,Forest,Warrior,0,0,0,1,-1,0
6,15,4,16,100,57,92.5,48.5,0,11.5,53,55,15,0,Forest,Prophet,-5,-0.05,0,1,-1,0
7,15,4,17,100,66.6,92.5,54,0,11.5,48,50,15,0,Forest,Warrior,-5,-0.05,0,1,-1,0
8,15,5,16,75,0,92.5,76.5,0,11.5,50,50,15,0,Forest,Warrior,28,0,0,1,-1,0
9,15,19,2,100,72.8,92.5,51.5,0,11.5,58,55,15,0,Mountain,Prophet,9,0.09,0,1,1,0
10,15,7,15,75,0,92.5,76.5,0,11.5,50,60,15,0,Forest,Builder,28,0,0,1,-1,0
11,15,12,16,100,68,92.5,48.5,1.35,11.5,50,50,15,0,Forest,Warrior,5,0,0,1,-1,0
12,15,15,14,100,69.9,92.5,55.5,0,11.5,55,55,15,0,Forest,Prophet,0,0,0,1,1,0
13,15,14,17,100,25.9,92.5,69.5,6.4,31.5,50,50,15,0,Plains,Explorer,14,0,0,1,-1,0
14,15,19,19,100,49,92.5,67.5,0,11.5,79,50,15,0,Plains,Healer,27,0.29,0.2,1,-1,0
15,15,16,18,100,38.3,92.5,48.5,3.45,11.5,50,50,15,0,Plains,Warrior,10,0,0,1,-1,0
16,15,15,15,75,0,92.5,76.5,0,11.5,50,50,15,0,Forest,Warrior,28,0,0,1,1,0
17,15,9,10,75,0,92.5,76.5,0,21.5,50,70,15,0,Mountain,Thinker,28,0,0,1,-1,0
18,15,15,17,100,99.5,92.5,69.5,1.4,11.5,55,55,15,0,Plains,Prophet,5,0,0,1,-1,0
19,15,17,19,100,72.9,92.5,50,0,13.5,50,50,15,0,Plains,Warrior,0,0.04,0.4,1,-1,0
20,15,16,7,100,67.1,92.5,68.5,0,21.5,52,70,15,0,Mountain,Thinker,0,-0.03,0.2,1,1,0
1,16,7,16,100,46.4,92,48.4,0,11.6,50,50,16,0,Forest,Warrior,0,0,0,1,-1,0
2,16,18,10,100,64,90,51.4,0,13.6,53,50,16,0,Mountain,Warrior,9,0.09,0,1,1,0
3,16,14,14,100,68,92,48.4,1.35,11.6,50,50,16,0,Forest,Warrior,5,0,0,1,1,0
4,16,1,14,100,48.4,90,48.4,0,13.6,50,60,16,0,Forest,Builder,0,0,0,1,-1,0
5,16,1,13,100,53.4,92,48.4,0,11.6,50,50,16,0,Forest,Warrior,0,0,0,1,-1,0
6,16,4,16,100,53.9,92,48.4,0,11.6,53,55,16,0,Forest,Prophet,-5,-0.05,0,1,-1,0
7,16,4,17,100,64.5,92,54.4,0,11.6,48,50,16,0,Forest,Warrior,-5,-0.05,0,1,-1,0
8,16,5,16,70,0,92,78.4,0,11.6,50,50,16,0,Forest,Warrior,30,0,0,1,-1,0
9,16,19,1,100,71.5,92,51.4,0,11.6,58,55,16,0,Mountain,Prophet,9,0.09,0,1,1,0
10,16,7,15,70,0,92,78.4,0,11.6,50,60,16,0,Forest,Builder,30,0,0,1,-1,0
11,16,12,16,100,67.9,92,48.4,1.3,11.6,50,50,16,0,Forest,Warrior,5,0,0,1,-1,0
12,16,15,14,100,67.8,92,55.9,0,11.6,55,55,16,0,Forest,Prophet,0,0,0,1,1,0
13,16,14,17,100,22.8,92,69.4,6.35,31.6,50,50,16,0,Plains,Explorer,14,0,0,1,-1,0
14,16,19,19,100,43.9,92,68.4,0,11.6,80,50,16,0,Plains,Healer,30,0.32,0.2,1,-1,0
15,16,16,18,100,38.2,92,48.4,3.4,11.6,50,50,16,0,Plains,Warrior,10,0,0,1,-1,0
16,16,15,15,70,0,92,78.4,0,11.6,50,50,16,0,Forest,Warrior,30,0,0,1,1,0
17,16,9,10,70,0,92,78.4,0,21.6,50,70,16,0,Mountain,Thinker,30,0,0,1,-1,0
18,16,15,17,100,99.4,92,69.4,1.35,11.6,55,55,16,0,Plains,Prophet,5,0,0,1,-1,0
19,16,17,19,100,70.8,92,50.4,0,13.6,50,50,16,0,Plains,Warrior,0,0.04,0.4,1,-1,0
20,16,16,6,100,65.8,92,68.4,0,21.6,52,70,16,0,Mountain,Thinker,0,-0.03,0.2,1,1,0
1,17,7,16,100,43.3,91.5,48.3,0,11.7,50,50,17,0,Forest,Warrior,0,0,0,1,-1,0
2,17,18,9,100,62.7,89.5,51.3,0,13.7,53,50,17,0,Mountain,Warrior,9,0.09,0,1,1,0
3,17,14,14,100,67.9,91.5,48.3,1.3,11.7,50,50,17,0,Forest,Warrior,5,0,0,1,1,0
4,17,1,14,100,45.3,89.5,48.3,0,13.7,50,60,17,0,Forest,Builder,0,0,0,1,-1,0
5,17,1,13,100,50.3,91.5,48.3,0,11.7,50,50,17,0,Forest,Warrior,0,0,0,1,-1,0
6,17,4,16,100,50.8,91.5,48.3,0,11.7,53,55,17,0,Forest,Prophet,-5,-0.05,0,1,-1,0
7,17,4,17,100,62.4,91.5,54.8,0,11.7,48,50,17,0,Forest,Warrior,-5,-0.05,0,1,-1,0
8,17,5,16,65,0,91.5,80.3,0,11.7,50,50,17,0,Forest,Warrior,32,0,0,1,-1,0
9,17,19,0,100,70.2001,91.5,51.3,0,11.7,58,55,17,0,Mountain,Prophet,9,0.09,0,1,1,0
10,17,7,15,65,0,91.5,80.3,0,11.7,50,60,17,0,Forest,Builder,32,0,0,1,-1,0
11,17,12,16,100,67.8,91.5,48.3,1.25,11.7,50,50,17,0,Forest,Warrior,5,0,0,1,-1,0
12,17,15,14,100,65.7,91.5,56.3,0,11.7,55,55,17,0,Forest,Prophet,0,0,0,1,1,0
13,17,14,17,100,19.7,91.5,69.3,6.3,31.7,50,50,17,0,Plains,Explorer,14,0,0,1,-1,0
14,17,19,19,100,38.8,91.5,69.3,0,11.7,81,50,17,0,Plains,Healer,33,0.35,0.2,1,-1,0
15,17,16,18,100,38.1,91.5,48.3,3.35,11.7,50,50,17,0,Plains,Warrior,10,0,0,1,-1,0
16,17,15,15,65,0,91.5,80.3,0,11.7,50,50,17,0,Forest,Warrior,32,0,0,1,1,0
17,17,9,10,65,0,91.5,80.3,0,21.7,50,70,17,0,Mountain,Thinker,32,0,0,1,-1,0
18,17,15,17,100,99.3,91.5,69.3,1.3,11.7,55,55,17,0,Plains,Prophet,5,0,0,1,-1,0
19,17,17,19,100,68.7,91.5,50.8,0,13.7,50,50,17,0,Plains,Warrior,0,0.04,0.4,1,-1,0
20,17,16,5,100,64.5,91.5,68.3,0,21.7,52,70,17,0,Mountain,Thinker,0,-0.03,0.2,1,1,0
1,18,7,16,100,40.2,91,48.2,0,11.8,50,50,18,0,Forest,Warrior,0,0,0,1,-1,0
2,18,18,8,100,61.4,89,51.2,0,13.8,53,50,18,0,Mountain,Warrior,9,0.09,0,1,1,0
3,18,14,14,100,67.8,91,48.2,1.25,11.8,50,50,18,0,Forest,Warrior,5,0,0,1,1,0
4,18,1,14,100,42.2,89,48.2,0,13.8,50,60,18,0,Forest,Builder,0,0,0,1,-1,0
5,18,1,13,100,47.2,91,48.2,0,11.8,50,50,18,0,Forest,Warrior,0,0,0,1,-1,0
6,18,4,16,100,47.7,91,48.2,0,11.8,53,55,18,0,Forest,Prophet,-5,-0.05,0,1,-1,0
7,18,4,17,100,60.3,91,55.2,0,11.8,48,50,18,0,Forest,Warrior,-5,-0.05,0,1,-1,0
8,18,5,16,60,0,91,82.2,0,11.8,50,50,18,0,Forest,Warrior,34,0,0,1,-1,0
9,18,19,0,100,68.9001,91,51.2,0,11.8,58,55,18,0,Mountain,Prophet,9,0.09,0,1,1,0
10,18,7,15,60,0,91,80.2,0,11.8,50,60,18,0,Forest,Builder,32,0,0,1,-1,0
11,18,12,16,100,67.7,91,48.2,1.2,11.8,50,50,18,0,Forest,Warrior,5,0,0,1,-1,0
12,18,15,14,100,63.6,91,56.7,0,11.8,55,55,18,0,Forest,Prophet,0,0,0,1,1,0
13,18,14,17,100,16.6,91,69.2,6.25,31.8,50,50,18,0,Plains,Explorer,14,0,0,1,-1,0
14,18,19,19,100,33.7,91,70.2,0,11.8,82,50,18,0,Plains,Healer,36,0.38,0.2,1,-1,0
15,18,16,18,100,38,91,48.2,3.3,11.8,50,50,18,0,Plains,Warrior,10,0,0,1,-1,0
16,18,15,15,60,0,91,82.2,0,11.8,50,50,18,0,Forest,Warrior,34,0,0,1,1,0
17,18,9,10,60,0,91,82.2,0,21.8,50,70,18,0,Mountain,Thinker,34,0,0,1,-1,0
18,18,15,17,100,99.2,91,69.2,1.25,11.8,55,55,18,0,Plains,Prophet,5,0,0,1,-1,0
19,18,17,19,100,66.6,91,51.2,0,13.8,50,50,18,0,Plains,Warrior,0,0.04,0.4,1,-1,0
20,18,16,4,100,63.2,91,68.2,0,21.8,52,70,18,0,Mountain,Thinker,0,-0.03,0.2,1,1,0
1,19,7,16,100,37.1,90.5,48.1,0,11.9,50,50,19,0,Forest,Warrior,0,0,0,1,-1,0
2,19,18,7,100,60.1,88.5,51.1,0,13.9,53,50,19,0,Mountain,Warrior,9,0.09,0,1,1,0
3,19,13,13,100,64.7,90.5,48.1,1.2,11.9,50,50,19,0,Forest,Warrior,5,0,0,1,1,0
4,19,1,14,100,39.1,88.5,48.1,0,13.9,50,60,19,0,Forest,Builder,0,0,0,1,-1,0
5,19,1,13,100,44.1,90.5,48.1,0,11.9,50,50,19,0,Forest,Warrior,0,0,0,1,-1,0
6,19,4,16,100,44.6,90.5,48.1,0,11.9,53,55,19,0,Forest,Prophet,-5,-0.05,0,1,-1,0
7,19,4,17,100,58.2,90.5,55.6,0,11.9,48,50,19,0,Forest,Warrior,-5,-0.05,0,1,-1,0
8,19,5,16,55,0,90.5,84.1,0,11.9,50,50,19,0,Forest,Warrior,36,0,0,1,-1,0
9,19,19,0,100,67.6001,90.5,51.1,0,11.9,58,55,19,0,Mountain,Prophet,9,0.09,0,1,1,0
10,19,7,15,55,0,90.5,82.1,0,11.9,50,60,19,0,Forest,Builder,34,0,0,1,-1,0
11,19,12,16,100,67.6,90.5,48.1,1.15,11.9,50,50,19,0,Forest,Warrior,5,0,0,1,-1,0
12,19,15,14,100,61.5,90.5,57.1,0,11.9,55,55,19,0,Forest,Prophet,0,0,0,1,1,0
13,19,14,17,100,13.5,90.5,69.1,6.2,31.9,50,50,19,0,Plains,Explorer,14,0,0,1,-1,0
14,19,19,19,100,28.6,90.5,71.1,0,11.9,83,50,19,0,Plains,Healer,39,0.41,0.2,1,-1,0
15,19,16,18,100,52.9,90.5,48.1,3.25,11.9,50,50,19,0,Plains,Warrior,10,0,0,1,-1,0
16,19,15,15,55,0,90.5,84.1,0,11.9,50,50,19,0,Forest,Warrior,36,0,0,1,1,0
17,19,9,10,55,0,90.5,84.1,0,21.9,50,70,19,0,Mountain,Thinker,36,0,0,1,-1,0
18,19,15,17,100,99.1,90.5,69.1,1.2,11.9,55,55,19,0,Plains,Prophet,5,0,0,1,-1,0
19,19,17,19,100,64.5,90.5,51.6,0,13.9,50,50,19,0,Plains,Warrior,0,0.04,0.4,1,-1,0
20,19,16,3,100,61.9,90.5,68.1,0,21.9,52,70,19,0,Mountain,Thinker,0,-0.03,0.2,1,1,0
1,20,7,16,100,34,90,48,0,12,50,50,20,0,Forest,Warrior,0,0,0,1,-1,0
2,20,18,6,100,59,88,51,0,14,53,50,20,0,Mountain,Warrior,9,0.09,0,1,1,0
3,20,13,13,100,34.6,90,48,3.15,12,50,50,20,0,Forest,Warrior,10,0,0,1,1,0
4,20,1,14,100,36,88,48,0,14,50,60,20,0,Forest,Builder,0,0,0,1,-1,0
5,20,1,13,100,39,90,49,0,12,51,50,20,0,Forest,Warrior,3,0.03,0,1,-1,0
6,20,4,16,100,41.5,90,48,0,12,53,55,20,0,Forest,Prophet,-5,-0.05,0,1,-1,0
7,20,4,17,100,56.1,90,56,0,12,48,50,20,0,Forest,Warrior,-5,-0.05,0,1,-1,0
8,20,5,16,50,0,90,84,0,12,50,50,20,0,Forest,Warrior,36,0,0,1,-1,0
9,20,19,0,100,66.5001,90,51,0,12,58,55,20,0,Mountain,Prophet,9,0.09,0,1,1,0
10,20,7,15,50,0,90,84,0,12,50,60,20,0,Forest,Builder,36,0,0,1,-1,0
11,20,12,16,100,67.5,90,48,1.1,12,50,50,20,0,Forest,Warrior,5,0,0,1,-1,0
12,20,15,14,100,59.4,90,57.5,0,12,55,55,20,0,Forest,Prophet,0,0,0,1,1,0
13,20,14,17,100,10.4,90,69,6.15,32,50,50,20,0,Plains,Explorer,14,0,0,1,-1,0
14,20,19,19,100,23.5,90,72,0,12,84,50,20,0,Plains,Healer,42,0.44,0.2,1,-1,0
15,20,16,18,100,52.8,90,48,3.2,12,50,50,20,0,Plains,Warrior,10,0,0,1,-1,0
16,20,15,15,50,0,90,86,0,12,50,50,20,0,Forest,Warrior,38,0,0,1,1,0
17,20,9,10,50,0,90,86,0,22,50,70,20,0,Mountain,Thinker,38,0,0,1,-1,0
18,20,15,17,100,99,90,69,1.15,12,55,55,20,0,Plains,Prophet,5,0,0,1,-1,0
19,20,17,19,100,62.4,90,52,0,14,50,50,20,0,Plains,Warrior,0,0.04,0.4,1,-1,0
20,20,16,2,100,60.8,90,68,0,22,52,70,20,0,Mountain,Thinker,0,-0.03,0.2,1,1,0
1,21,7,16,100,30.9,89.5,47.9,0,12.1,50,50,21,0,Forest,Warrior,0,0,0,1,-1,0
2,21,18,5,100,57.9,87.5,50.9,0,14.1,53,50,21,0,Mountain,Warrior,9,0.09,0,1,1,0
3,21,13,13,100,34.5,89.5,47.9,3.1,12.1,50,50,21,0,Forest,Warrior,10,0,0,1,1,0
4,21,1,14,100,32.9,87.5,47.9,0,14.1,50,60,21,0,Forest,Builder,0,0,0,1,-1,0
5,21,1,13,100,37.9,89.5,48.9,0,12.1,51,50,21,0,Forest,Warrior,3,0.05,0.2,1,-1,0
6,21,4,16,100,38.4,89.5,47.9,0,12.1,53,55,21,0,Forest,Prophet,-5,-0.05,0,1,-1,0
7,21,4,17,100,54,89.5,56.4,0,12.1,48,50,21,0,Forest,Warrior,-5,-0.05,0,1,-1,0
8,21,5,16,45,0,89.5,85.9,0,12.1,50,50,21,0,Forest,Warrior,38,0,0,1,-1,0
9,21,19,0,100,65.4001,89.5,50.9,0,12.1,58,55,21,0,Mountain,Prophet,9,0.09,0,1,1,0
10,21,7,15,45,0,89.5,85.9,0,12.1,50,60,21,0,Forest,Builder,38,0,0,1,-1,0
11,21,12,16,100,67.4,89.5,47.9,1.05,12.1,50,50,21,0,Forest,Warrior,5,0,0,1,-1,0
12,21,15,14,100,54.3,87.5,57.4,0,14.1,55,55,21,0,Forest,Prophet,0,0,0,1,1,0
13,21,14,17,100,7.30002,89.5,68.9,6.1,32.1,50,50,21,0,Plains,Explorer,14,0,0,1,-1,0
14,21,19,19,100,18.4,89.5,72.9,0,12.1,85,50,21,0,Plains,Healer,45,0.47,0.2,1,-1,0
15,21,16,18,100,52.7,89.5,47.9,3.15,12.1,50,50,21,0,Plains,Warrior,10,0,0,1,-1,0
16,21,15,15,45,0,89.5,87.9,0,12.1,50,50,21,0,Forest,Warrior,40,0,0,1,1,0
17,21,9,10,45,0,89.5,87.9,0,22.1,50,70,21,0,Mountain,Thinker,40,0,0,1,-1,0
18,21,15,17,100,98.9,89.5,68.9,1.1,12.1,55,55,21,0,Plains,Prophet,5,0,0,1,-1,0
19,21,17,19,100,60.3,89.5,52.4,0,14.1,50,50,21,0,Plains,Warrior,0,0.04,0.4,1,-1,0
20,21,16,1,100,59.7001,89.5,67.9,0,22.1,52,70,21,0,Mountain,Thinker,0,-0.03,0.2,1,1,0
1,22,7,16,100,27.8,89,47.8,0,12.2,50,50,22,0,Forest,Warrior,0,0,0,1,-1,0
2,22,18,4,100,56.8,87,50.8,0,14.2,53,50,22,0,Mountain,Warrior,9,0.09,0,1,1,0
3,22,13,13,100,34.4,89,47.8,3.05,12.2,50,50,22,0,Forest,Warrior,10,0,0,1,1,0
4,22,1,14,100,29.8,87,47.8,0,14.2,50,60,22,0,Forest,Builder,0,0,0,1,-1,0
5,22,1,13,100,32.8,89,49.8,0,12.2,52,50,22,0,Forest,Warrior,6,0.08,0.2,1,-1,0
6,22,4,16,100,35.3,89,47.8,0,12.2,53,55,22,0,Forest,Prophet,-5,-0.05,0,1,-1,0
7,22,4,17,100,51.9,89,56.8,0,12.2,48,50,22,0,Forest,Warrior,-5,-0.05,0,1,-1,0
8,22,5,16,40,0,89,87.8,0,12.2,50,50,22,0,Forest,Warrior,40,0,0,1,-1,0
9,22,19,0,100,64.3001,89,50.8,0,12.2,58,55,22,0,Mountain,Prophet,9,0.09,0,1,1,0
10,22,7,15,40,0,89,87.8,0,12.2,50,60,22,0,Forest,Builder,40,0,0,1,-1,0
11,22,12,16,100,67.3,89,47.8,1,12.2,50,50,22,0,Forest,Warrior,5,0,0,1,-1,0
12,22,15,14,100,52.2,87,57.8,0,14.2,55,55,22,0,Forest,Prophet,0,0,0,1,1,0
13,22,14,17,100,4.20002,89,68.8,6.05,32.2,50,50,22,0,Plains,Explorer,14,0,0,1,-1,0
14,22,19,19,100,13.3,89,73.8,0,12.2,86,50,22,0,Plains,Healer,48,0.5,0.2,1,-1,0
15,22,16,18,100,52.6,89,47.8,3.1,12.2,50,50,22,0,Plains,Warrior,10,0,0,1,-1,0
16,22,15,15,40,0,89,89.8,0,12.2,50,50,22,0,Forest,Warrior,42,0,0,1,1,0
17,22,9,10,40,0,89,89.8,0,22.2,50,70,22,0,Mountain,Thinker,42,0,0,1,-1,0
18,22,15,17,100,98.8,89,68.8,1.05,12.2,55,55,22,0,Plains,Prophet,5,0,0,1,-1,0
19,22,17,19,100,20.2,89,64.3,0,14.2,50,50,22,0,Plains,Warrior,2,0.04,0.4,1,-1,0
20,22,16,0,100,58.6001,89,67.8,0,22.2,52,70,22,0,Mountain,Thinker,0,-0.03,0.2,1,1,0
21,22,17,19,100,100,100,54.3,0,30,50,54.7392,0,1,Plains,Explorer,0.6,0.008,0.04,1,-1,0
1,23,7,16,100,24.7,88.5,47.7,0,12.3,50,50,23,0,Forest,Warrior,0,0,0,1,-1,0
2,23,18,3,100,55.7,86.5,50.7,0,14.3,53,50,23,0,Mountain,Warrior,9,0.09,0,1,1,0
3,23,13,13,100,34.3,88.5,47.7,3,12.3,50,50,23,0,Forest,Warrior,10,0,0,1,1,0
4,23,1,14,100,26.7,86.5,47.7,0,14.3,50,60,23,0,Forest,Builder,0,0,0,1,-1,0
5,23,1,13,100,29.7,88.5,49.7,0,12.3,52,50,23,0,Forest,Warrior,6,0.08,0.2,1,-1,0
6,23,4,16,100,32.2,88.5,47.7,0,12.3,53,55,23,0,Forest,Prophet,-5,-0.05,0,1,-1,0
7,23,4,17,100,49.8,88.5,57.2,0,12.3,48,50,23,0,Forest,Warrior,-5,-0.05,0,1,-1,0
8,23,5,16,35,0,88.5,89.7,0,12.3,50,50,23,0,Forest,Warrior,42,0,0,1,-1,0
9,23,19,0,100,63.2001,88.5,50.7,0,12.3,58,55,23,0,Mountain,Prophet,9,0.09,0,1,1,0
10,23,7,15,35,0,88.5,89.7,0,12.3,50,60,23,0,Forest,Builder,42,0,0,1,-1,0
11,23,12,16,100,67.2,88.5,47.7,0.950001,12.3,50,50,23,0,Forest,Warrior,5,0,0,1,-1,0
12,23,15,14,100,50.1,86.5,58.2,0,14.3,55,55,23,0,Forest,Prophet,0,0,0,1,1,0
13,23,14,17,100,1.10002,88.5,68.7,6,32.3,50,50,23,0,Plains,Explorer,14,0,0,1,-1,0
14,23,19,19,100,8.20003,88.5,74.7,0,12.3,87,50,23,0,Plains,Healer,51,0.53,0.2,1,-1,0
15,23,16,18,100,52.5,88.5,47.7,3.05,12.3,50,50,23,0,Plains,Warrior,10,0,0,1,-1,0
16,23,15,15,35,0,88.5,90.7,0,12.3,51,50,23,0,Forest,Warrior,45,0.03,0,1,1,0
17,23,9,10,35,0,88.5,91.7,0,22.3,50,70,23,0,Mountain,Thinker,44,0,0,1,-1,0
18,23,15,17,100,98.7,88.5,68.7,1,12.3,55,55,23,0,Plains,Prophet,5,0,0,1,-1,0
19,23,17,19,100,10.1,88.5,66.2,0,14.3,50,50,23,0,Plains,Warrior,4,0.04,0.4,1,-1,0
20,23,16,0,100,57.5001,88.5,67.7,0,22.3,52,70,23,0,Mountain,Thinker,0,-0.03,0.2,1,1,0
21,23,17,19,100,97.9,99.5,54.7,0,30.1,50,54.7392,1,1,Plains,Explorer,0.6,0.008,0.04,1,-1,0
1,24,7,16,100,21.6,88,47.6,0,12.4,50,50,24,0,Forest,Warrior,0,0,0,1,-1,0
2,24,18,2,100,54.6,86,50.6,0,14.4,53,50,24,0,Mountain,Warrior,9,0.09,0,1,1,0
3,24,13,13,100,34.2,88,47.6,2.95,12.4,50,50,24,0,Forest,Warrior,10,0,0,1,1,0
4,24,1,14,100,23.6,86,47.6,0,14.4,50,60,24,0,Forest,Builder,0,0,0,1,-1,0
5,24,1,12,100,29.1,88,49.6,0,12.4,52,50,24,0,Forest,Warrior,6,0.08,0.2,1,-1,0
6,24,4,16,100,29.1,88,47.6,0,12.4,53,55,24,0,Forest,Prophet,-5,-0.05,0,1,-1,0
7,24,4,17,100,47.7,88,57.6,0,12.4,48,50,24,0,Forest,Warrior,-5,-0.05,0,1,-1,0
8,24,5,16,30,0,88,91.6,0,12.4,50,50,24,0,Forest,Warrior,44,0,0,1,-1,0
9,24,19,0,100,62.1001,88,50.6,0,12.4,58,55,24,0,Mountain,Prophet,9,0.09,0,1,1,0
10,24,7,15,30,0,88,91.6,0,12.4,50,60,24,0,Forest,Builder,44,0,0,1,-1,0
11,24,12,16,100,67.1,88,47.6,0.900001,12.4,50,50,24,0,Forest,Warrior,5,0,0,1,-1,0
12,24,15,14,100,48,86,58.6,0,14.4,55,55,24,0,Forest,Prophet,0,0,0,1,1,0
13,24,14,17,95,0,88,68.6,5.95,32.4,50,50,24,0,Plains,Explorer,14,0,0,1,-1,0
14,24,19,19,100,3.10003,88,75.6,0,12.4,88,50,24,0,Plains,Healer,54,0.56,0.2,1,-1,0
15,24,16,18,100,52.4,88,47.6,3,12.4,50,50,24,0,Plains,Warrior,10,0,0,1,-1,0
16,24,15,15,30,0,88,91.6,0,12.4,52,50,24,0,Forest,Warrior,48,0.06,0,1,1,0
17,24,9,10,30,0,88,93.6,0,22.4,50,70,24,0,Mountain,Thinker,46,0,0,1,-1,0
18,24,15,17,100,98.6,88,68.6,0.950001,12.4,55,55,24,0,Plains,Prophet,5,0,0,1,-1,0
19,24,17,19,100,8.00003,88,66.6,0,14.4,50,50,24,0,Plains,Warrior,4,0.04,0.4,1,-1,0
20,24,16,0,100,56.4001,88,67.6,0,22.4,52,70,24,0,Mountain,Thinker,0,-0.03,0.2,1,1,0
21,24,17,19,100,95.8,99,55.1,0,30.2,50,54.7392,2,1,Plains,Explorer,0.6,0.008,0.04,1,-1,0
1,25,7,16,100,18.5,87.5,47.5,0,12.5,50,50,25,0,Forest,Warrior,0,0,0,1,-1,0
2,25,18,1,100,53.5,85.5,50.5,0,14.5,53,50,25,0,Mountain,Warrior,9,0.09,0,1,1,0
3,25,13,13,100,34.1,87.5,47.5,2.9,12.5,50,50,25,0,Forest,Warrior,10,0,0,1,1,0
4,25,1,14,100,20.5,85.5,47.5,0,14.5,50,60,25,0,Forest,Builder,0,0,0,1,-1,0
5,25,1,11,100,28,87.5,49.5,0,12.5,52,50,25,0,Mountain,Warrior,6,0.08,0.2,1,-1,0
6,25,4,16,100,26,87.5,47.5,0,12.5,53,55,25,0,Forest,Prophet,-5,-0.05,0,1,-1,0
7,25,4,17,100,45.6,87.5,58,0,12.5,48,50,25,0,Forest,Warrior,-5,-0.05,0,1,-1,0
8,25,5,16,25,0,87.5,93.5,0,12.5,50,50,25,0,Forest,Warrior,46,0,0,1,-1,0
9,25,19,0,100,61.0001,87.5,50.5,0,12.5,58,55,25,0,Mountain,Prophet,9,0.09,0,1,1,0
10,25,7,15,25,0,87.5,93.5,0,12.5,50,60,25,0,Forest,Builder,46,0,0,1,-1,0
11,25,12,16,100,67,87.5,47.5,0.850001,12.5,50,50,25,0,Forest,Warrior,5,0,0,1,-1,0
12,25,15,14,100,45.9,85.5,59,0,14.5,55,55,25,0,Forest,Prophet,0,0,0,1,1,0
13,25,14,17,90,0,87.5,68.5,5.9,32.5,50,50,25,0,Plains,Explorer,14,0,0,1,-1,0
14,25,19,19,95,0,87.5,76.5,0,12.5,89,50,25,0,Plains,Healer,57,0.59,0.2,1,-1,0
15,25,16,18,100,52.3,87.5,47.5,2.95,12.5,50,50,25,0,Plains,Warrior,10,0,0,1,-1,0
16,25,15,15,25,0,87.5,93.5,0,12.5,52,50,25,0,Forest,Warrior,50,0.06,0,1,1,0
17,25,9,10,25,0,87.5,95.5,0,22.5,50,70,25,0,Mountain,Thinker,48,0,0,1,-1,0
18,25,15,17,100,98.5,87.5,68.5,0.900001,12.5,55,55,25,0,Plains,Prophet,5,0,0,1,-1,0
19,25,17,19,100,2.90003,85.5,66.5,0,16.5,50,50,25,0,Plains,Warrior,4,0.04,0.4,1,-1,0
20,25,16,0,100,55.3001,87.5,67.5,0,22.5,52,70,25,0,Mountain,Thinker,0,-0.03,0.2,1,1,0
21,25,17,19,100,93.7,98.5,55.5,0,30.3,50,54.7392,3,1,Plains,Explorer,0.6,0.008,0.04,1,-1,0
1,26,7,16,100,15.4,87,47.4,0,12.6,50,50,26,0,Forest,Warrior,0,0,0,1,-1,0
2,26,18,0,100,52.4,85,50.4,0,14.6,53,50,26,0,Mountain,Warrior,9,0.09,0,1,1,0
3,26,13,13,100,34,87,47.4,2.85,12.6,50,50,26,0,Forest,Warrior,10,0,0,1,1,0
4,26,1,14,100,17.4,85,47.4,0,14.6,50,60,26,0,Forest,Builder,0,0,0,1,-1,0
5,26,1,10,100,26.9,87,49.4,0,12.6,52,50,26,0,Mountain,Warrior,6,0.08,0.2,1,-1,0
6,26,4,16,100,22.9,87,47.4,0,12.6,53,55,26,0,Forest,Prophet,-5,-0.05,0,1,-1,0
7,26,4,17,100,43.5,87,58.4,0,12.6,48,50,26,0,Forest,Warrior,-5,-0.05,0,1,-1,0
8,26,5,16,20,0,87,95.4,0,12.6,50,50,26,0,Forest,Warrior,48,0,0,1,-1,0
9,26,19,0,100,59.9001,87,50.4,0,12.6,58,55,26,0,Mountain,Prophet,9,0.09,0,1,1,0
10,26,7,15,20,0,87,95.4,0,12.6,50,60,26,0,Forest,Builder,48,0,0,1,-1,0
11,26,12,16,100,66.9,87,47.4,0.800001,12.6,50,50,26,0,Forest,Warrior,5,0,0,1,-1,0
12,26,15,14,100,43.8,85,59.4,0,14.6,55,55,26,0,Forest,Prophet,0,0,0,1,1,0
13,26,14,17,85,0,87,68.4,5.85,32.6,50,50,26,0,Plains,Explorer,14,0,0,1,-1,0
14,26,19,19,90,0,87,77.4,0,12.6,90,50,26,0,Plains,Healer,60,0.62,0.2,1,-1,0
15,26,16,18,100,52.2,87,47.4,2.9,12.6,50,50,26,0,Plains,Warrior,10,0,0,1,-1,0
16,26,15,15,20,0,87,93.4,0,12.6,52,50,26,0,Forest,Warrior,50,0.06,0,1,1,0
17,26,9,10,20,0,87,97.4,0,22.6,50,70,26,0,Mountain,Thinker,50,0,0,1,-1,0
18,26,15,17,100,98.4,87,68.4,0.850001,12.6,55,55,26,0,Plains,Prophet,5,0,0,1,-1,0
19,26,17,19,95,0,83,66.4,0,18.6,50,50,26,0,Plains,Warrior,4,0.04,0.4,1,-1,0
20,26,16,0,100,54.2001,87,67.4,0,22.6,52,70,26,0,Mountain,Thinker,0,-0.03,0.2,1,1,0
21,26,17,19,100,91.6,98,55.9,0,30.4,50,54.7392,4,1,Plains,Explorer,0.6,0.008,0.04,1,-1,0
1,27,7,16,100,12.3,86.5,47.3,0,12.7,50,50,27,0,Forest,Warrior,0,0,0,1,-1,0
2,27,18,0,100,51.3,84.5,50.3,0,14.7,53,50,27,0,Mountain,Warrior,9,0.09,0,1,1,0
3,27,13,13,100,33.9,86.5,47.3,2.8,12.7,50,50,27,0,Forest,Warrior,10,0,0,1,1,0
4,27,1,14,100,14.3,84.5,47.3,0,14.7,50,60,27,0,Forest,Builder,0,0,0,1,-1,0
5,27,1,9,100,25.8,86.5,49.3,0,12.7,52,50,27,0,Mountain,Warrior,6,0.08,0.2,1,-1,0
6,27,4,16,100,19.8,86.5,47.3,0,12.7,53,55,27,0,Forest,Prophet,-5,-0.05,0,1,-1,0
7,27,4,17,100,41.4,86.5,58.8,0,12.7,48,50,27,0,Forest,Warrior,-5,-0.05,0,1,-1,0
8,27,5,16,15,0,86.5,97.3,0,12.7,50,50,27,0,Forest,Warrior,50,0,0,1,-1,0
9,27,19,0,100,58.8001,86.5,50.3,0,12.7,58,55,27,0,Mountain,Prophet,9,0.09,0,1,1,0
10,27,7,15,15,0,86.5,97.3,0,12.7,50,60,27,0,Forest,Builder,50,0,0,1,-1,0
11,27,12,16,100,66.8,86.5,47.3,0.750001,12.7,50,50,27,0,Forest,Warrior,5,0,0,1,-1,0
12,27,15,14,100,41.7,84.5,59.8,0,14.7,55,55,27,0,Forest,Prophet,0,0,0,1,1,0
13,27,14,17,80,0,86.5,68.3,5.8,32.7,50,50,27,0,Plains,Explorer,14,0,0,1,-1,0
14,27,19,19,85,0,86.5,78.3,0,12.7,91,50,27,0,Plains,Healer,63,0.65,0.2,1,-1,0
15,27,16,18,100,52.1,86.5,47.3,2.85,12.7,50,50,27,0,Plains,Warrior,10,0,0,1,-1,0
16,27,15,15,15,0,86.5,93.3,0,12.7,52,50,27,0,Forest,Warrior,50,0.06,0,1,1,0
17,27,9,10,15,0,86.5,99.3,0,22.7,50,70,27,0,Mountain,Thinker,52,0,0,1,-1,0
18,27,15,17,100,98.3,86.5,68.3,0.800001,12.7,55,55,27,0,Plains,Prophet,5,0,0,1,-1,0
19,27,17,19,90,0,80.5,66.3,0,20.7,50,50,27,0,Plains,Warrior,4,0.04,0.4,1,-1,0
20,27,16,0,100,53.1001,86.5,67.3,0,22.7,52,70,27,0,Mountain,Thinker,0,-0.03,0.2,1,1,0
21,27,17,19,100,89.5,97.5,56.3,0,30.5,50,54.7392,5,1,Plains,Explorer,0.6,0.008,0.04,1,-1,0
1,28,7,16,100,9.20003,86,47.2,0,12.8,50,50,28,0,Forest,Warrior,0,0,0,1,-1,0
2,28,18,0,100,50.2,84,50.2,0,14.8,53,50,28,0,Mountain,Warrior,9,0.09,0,1,1,0
3,28,13,13,100,33.8,86,47.2,2.75,12.8,50,50,28,0,Forest,Warrior,10,0,0,1,1,0
4,28,1,14,100,11.2,84,47.2,0,14.8,50,60,28,0,Forest,Builder,0,0,0,1,-1,0
5,28,1,8,100,24.7,86,49.2,0,12.8,52,50,28,0,Mountain,Warrior,6,0.08,0.2,1,-1,0
6,28,4,16,100,16.7,86,47.2,0,12.8,53,55,28,0,Forest,Prophet,-5,-0.05,0,1,-1,0
7,28,4,17,100,39.3,86,59.2,0,12.8,48,50,28,0,Forest,Warrior,-5,-0.05,0,1,-1,0
8,28,5,16,10,0,86,99.2,0,12.8,50,50,28,0,Forest,Warrior,52,0,0,1,-1,0
9,28,19,0,100,57.7001,86,50.2,0,12.8,58,55,28,0,Mountain,Prophet,9,0.09,0,1,1,0
10,28,7,15,10,0,86,99.2,0,12.8,50,60,28,0,Forest,Builder,52,0,0,1,-1,0
11,28,12,16,100,66.7,86,47.2,0.700001,12.8,50,50,28,0,Forest,Warrior,5,0,0,1,-1,0
12,28,15,14,100,39.6,84,60.2,0,14.8,55,55,28,0,Forest,Prophet,0,0,0,1,1,0
13,28,14,17,75,0,86,68.2,5.75,32.8,50,50,28,0,Plains,Explorer,14,0,0,1,-1,0
14,28,19,19,80,0,86,79.2,0,12.8,92,50,28,0,Plains,Healer,66,0.68,0.2,1,-1,0
15,28,16,18,100,52,86,47.2,2.8,12.8,50,50,28,0,Plains,Warrior,10,0,0,1,-1,0
16,28,15,15,10,0,86,93.2,0,12.8,52,50,28,0,Forest,Warrior,50,0.06,0,1,1,0
17,28,9,10,10,0,86,100,0,22.8,50,70,28,0,Mountain,Thinker,54,0,0,1,-1,0
18,28,15,17,100,98.2,86,68.2,0.750001,12.8,55,55,28,0,Plains,Prophet,5,0,0,1,-1,0
19,28,16,18,85,0,80,66.2,0,20.8,50,50,28,0,Plains,Warrior,4,0.04,0.4,1,-1,0
20,28,16,0,100,52.0001,86,67.2,0,22.8,52,70,28,0,Mountain,Thinker,0,-0.03,0.2,1,1,0
21,28,17,19,100,87.4,97,56.7,0,30.6,50,54.7392,6,1,Plains,Explorer,0.6,0.008,0.04,1,-1,0
1,29,7,16,100,6.10003,85.5,47.1,0,12.9,50,50,29,0,Forest,Warrior,0,0,0,1,-1,0
2,29,18,0,100,49.1,83.5,50.1,0,14.9,53,50,29,0,Mountain,Warrior,9,0.09,0,1,1,0
3,29,13,13,100,33.7,85.5,47.1,2.7,12.9,50,50,29,0,Forest,Warrior,10,0,0,1,1,0
4,29,1,14,100,8.10003,83.5,47.1,0,14.9,50,60,29,0,Forest,Builder,0,0,0,1,-1,0
5,29,1,7,100,23.6,85.5,49.1,0,12.9,52,50,29,0,Mountain,Warrior,6,0.08,0.2,1,-1,0
6,29,4,16,100,13.6,85.5,47.1,0,12.9,53,55,29,0,Forest,Prophet,-5,-0.05,0,1,-1,0
7,29,4,17,100,37.2,85.5,59.6,0,12.9,48,50,29,0,Forest,Warrior,-5,-0.05,0,1,-1,0
8,29,5,16,5,0,85.5,100,0,12.9,50,50,29,0,Forest,Warrior,54,0,0,1,-1,0
9,29,19,0,100,56.6001,85.5,50.1,0,12.9,58,55,29,0,Mountain,Prophet,9,0.09,0,1,1,0
10,29,7,15,5,0,85.5,100,0,12.9,50,60,29,0,Forest,Builder,54,0,0,1,-1,0
11,29,12,16,100,66.6,85.5,47.1,0.650001,12.9,50,50,29,0,Forest,Warrior,5,0,0,1,-1,0
12,29,15,14,100,37.5,83.5,60.6,0,14.9,55,55,29,0,Forest,Prophet,0,0,0,1,1,0
13,29,14,17,70,0,85.5,68.1,5.7,32.9,50,50,29,0,Plains,Explorer,14,0,0,1,-1,0
14,29,19,19,75,0,85.5,80.1,0,12.9,93,50,29,0,Plains,Healer,69,0.71,0.2,1,-1,0
15,29,16,18,100,50.9,85.5,47.1,2.75,12.9,50,50,29,0,Plains,Warrior,10,0.02,0.2,1,-1,0
16,29,15,15,5,0,85.5,93.1,0,12.9,52,50,29,0,Forest,Warrior,50,0.06,0,1,1,0
17,29,8,9,5,0,85.5,99.9,0,22.9,50,70,29,0,Mountain,Thinker,54,0,0,1,-1,0
18,29,15,17,100,98.1,85.5,68.1,0.700001,12.9,55,55,29,0,Plains,Prophet,5,0,0,1,-1,0
19,29,16,18,80,0,77.5,66.1,0,22.9,50,50,29,0,Plains,Warrior,4,0.04,0.4,1,-1,0
20,29,16,0,100,50.9001,85.5,67.1,0,22.9,52,70,29,0,Mountain,Thinker,0,-0.03,0.2,1,1,0
21,29,17,19,100,85.3,96.5,57.1,0,30.7,50,54.7392,7,1,Plains,Explorer,0.6,0.008,0.04,1,-1,0
1,30,7,16,100,3.00003,85,47,0,13,50,50,30,0,Forest,Warrior,0,0,0,1,-1,0
2,30,18,0,100,47.8,83,50,0,15,53,50,30,0,Mountain,Warrior,9,0.09,0,1,1,0
3,30,13,13,100,33.6,85,47,2.65,13,50,50,30,0,Forest,Warrior,10,0,0,1,1,0
4,30,1,14,100,5.00003,83,47,0,15,50,60,30,0,Forest,Builder,0,0,0,1,-1,0
5,30,1,6,100,22.3,85,49,0,13,52,50,30,0,Mountain,Warrior,6,0.08,0.2,1,-1,0
6,30,4,16,100,10.5,85,47,0,13,53,55,30,0,Forest,Prophet,-5,-0.05,0,1,-1,0
7,30,4,17,100,35.1,85,60,0,13,48,50,30,0,Forest,Warrior,-5,-0.05,0,1,-1,0
9,30,19,0,100,55.3001,85,50,0,13,58,55,30,0,Mountain,Prophet,9,0.09,0,1,1,0
11,30,12,16,100,66.5,85,47,0.600001,13,50,50,30,0,Forest,Warrior,5,0,0,1,-1,0
12,30,15,14,100,35.4,83,61,0,15,55,55,30,0,Forest,Prophet,0,0,0,1,1,0
13,30,14,17,65,0,85,68,5.65,33,50,50,30,0,Plains,Explorer,14,0,0,1,-1,0
14,30,19,19,70,0,85,81,0,13,94,50,30,0,Plains,Healer,72,0.74,0.2,1,-1,0
15,30,16,18,100,65.8,85,47,2.7,13,50,50,30,0,Plains,Warrior,10,0.02,0.2,1,-1,0
18,30,15,17,100,98,85,68,0.650001,13,55,55,30,0,Plains,Prophet,5,0,0,1,-1,0
19,30,15,17,75,0,77,66,0,23,50,50,30,0,Plains,Warrior,4,0.04,0.4,1,-1,0
20,30,16,0,100,49.6001,85,67,0,23,52,70,30,0,Mountain,Thinker,0,-0.03,0.2,1,1,0
21,30,17,19,100,83.2,96,57.5,0,30.8,50,54.7392,8,1,Plains,Explorer,0.6,0.008,0.04,1,-1,0
1,31,7,16,100,2.90003,84.5,46.9,0,13.1,50,50,31,0,Forest,Warrior,0,0,0,1,-1,0
2,31,18,0,100,46.5,82.5,49.9,0,15.1,53,50,31,0,Mountain,Warrior,9,0.09,0,1,1,0
3,31,13,13,100,33.5,84.5,46.9,2.6,13.1,50,50,31,0,Forest,Warrior,10,0,0,1,1,0
4,31,1,14,100,1.90003,82.5,46.9,0,15.1,50,60,31,0,Forest,Builder,0,0,0,1,-1,0
5,31,1,5,100,21,84.5,48.9,0,13.1,52,50,31,0,Mountain,Warrior,6,0.08,0.2,1,-1,0
6,31,4,16,100,7.40003,84.5,46.9,0,13.1,53,55,31,0,Forest,Prophet,-5,-0.05,0,1,-1,0
7,31,4,17,100,33,84.5,60.4,0,13.1,48,50,31,0,Forest,Warrior,-5,-0.05,0,1,-1,0
9,31,19,0,100,54.0001,84.5,49.9,0,13.1,58,55,31,0,Mountain,Prophet,9,0.09,0,1,1,0
11,31,12,16,100,66.4,84.5,46.9,0.550001,13.1,50,50,31,0,Forest,Warrior,5,0,0,1,-1,0
12,31,15,14,100,33.3,82.5,61.4,0,15.1,55,55,31,0,Forest,Prophet,0,0,0,1,1,0
13,31,14,17,60,0,84.5,67.9,5.6,33.1,50,50,31,0,Plains,Explorer,14,0,0,1,-1,0
14,31,19,19,65,0,84.5,80.9,0,13.1,94,50,31,0,Plains,Healer,72,0.74,0.2,1,-1,0
15,31,16,18,100,65.7,84.5,46.9,2.65,13.1,50,50,31,0,Plains,Warrior,10,0.02,0.2,1,-1,0
18,31,15,17,100,97.9,84.5,67.9,0.600001,13.1,55,55,31,0,Plains,Prophet,5,0,0,1,-1,0
19,31,15,17,70,0,74.5,65.9,0,25.1,50,50,31,0,Plains,Warrior,4,0.04,0.4,1,-1,0
20,31,16,0,100,48.3001,84.5,66.9,0,23.1,52,70,31,0,Mountain,Thinker,0,-0.03,0.2,1,1,0
21,31,17,19,100,81.1,95.5,57.9,0,30.9,50,54.7392,9,1,Plains,Explorer,0.6,0.008,0.04,1,-1,0
1,32,7,16,95,0,84,46.8,0,13.2,50,50,32,0,Forest,Warrior,0,0,0,1,-1,0
2,32,18,0,100,45.2001,82,49.8,0,15.2,53,50,32,0,Mountain,Warrior,9,0.09,0,1,1,0
3,32,13,13,100,33.4,84,46.8,2.55,13.2,50,50,32,0,Forest,Warrior,10,0,0,1,1,0
4,32,1,14,95,0,82,46.8,0,15.2,50,60,32,0,Forest,Builder,0,0,0,1,-1,0
5,32,1,4,100,19.7,84,48.8,0,13.2,52,50,32,0,Mountain,Warrior,6,0.08,0.2,1,-1,0
6,32,4,16,100,4.30003,84,46.8,0,13.2,53,55,32,0,Forest,Prophet,-5,-0.05,0,1,-1,0
7,32,4,17,100,30.9,84,60.8,0,13.2,48,50,32,0,Forest,Warrior,-5,-0.05,0,1,-1,0
9,32,19,0,100,52.7001,84,49.8,0,13.2,58,55,32,0,Mountain,Prophet,9,0.09,0,1,1,0
11,32,12,16,100,66.3,84,46.8,0.500001,13.2,50,50,32,0,Forest,Warrior,5,0,0,1,-1,0
12,32,15,14,100,31.2,82,61.8,0,15.2,55,55,32,0,Forest,Prophet,0,0,0,1,1,0
13,32,14,17,55,0,84,67.8,5.55,33.2,50,50,32,0,Plains,Explorer,14,0,0,1,-1,0
14,32,19,19,60,0,84,81.8,0,13.2,95,50,32,0,Plains,Healer,75,0.77,0.2,1,-1,0
15,32,16,18,100,64.6,84,46.8,2.6,13.2,50,50,32,0,Plains,Warrior,10,0.04,0.4,1,-1,0
18,32,15,17,100,97.8,84,67.8,0.550001,13.2,55,55,32,0,Plains,Prophet,5,0,0,1,-1,0
19,32,15,17,65,0,74,65.8,0,25.2,50,50,32,0,Plains,Warrior,4,0.04,0.4,1,-1,0
20,32,16,0,100,47.0001,84,66.8,0,23.2,52,70,32,0,Mountain,Thinker,0,-0.03,0.2,1,1,0
21,32,17,19,100,79,95,58.3,0,31,50,54.7392,10,1,Plains,Explorer,0.6,0.008,0.04,1,-1,0
1,33,7,16,90,0,83.5,46.7001,0,13.3,50,50,33,0,Forest,Warrior,0,0,0,1,-1,0
2,33,18,0,100,43.9001,81.5,49.7001,0,15.3,53,50,33,0,Mountain,Warrior,9,0.09,0,1,1,0
3,33,13,13,100,33.3,83.5,46.7001,2.5,13.3,50,50,33,0,Forest,Warrior,10,0,0,1,1,0
4,33,1,14,90,0,81.5,46.7001,0,15.3,50,60,33,0,Forest,Builder,0,0,0,1,-1,0
5,33,1,3,100,18.4,83.5,48.7001,0,13.3,52,50,33,0,Mountain,Warrior,6,0.08,0.2,1,-1,0
6,33,4,16,100,1.20003,83.5,46.7001,0,13.3,53,55,33,0,Forest,Prophet,-5,-0.05,0,1,-1,0
7,33,4,17,100,28.8,83.5,61.2001,0,13.3,48,50,33,0,Forest,Warrior,-5,-0.05,0,1,-1,0
9,33,19,0,100,51.4001,83.5,49.7001,0,13.3,58,55,33,0,Mountain,Prophet,9,0.09,0,1,1,0
11,33,12,16,100,66.2001,83.5,46.7001,0.450001,13.3,50,50,33,0,Forest,Warrior,5,0,0,1,-1,0
12,33,15,14,100,29.1,81.5,62.2001,0,15.3,55,55,33,0,Forest,Prophet,0,0,0,1,1,0
13,33,14,17,50,0,83.5,67.7001,5.5,33.3,50,50,33,0,Plains,Explorer,14,0,0,1,-1,0
14,33,19,19,55,0,83.5,82.7001,0,13.3,96,50,33,0,Plains,Healer,78,0.8,0.2,1,-1,0
15,33,16,18,100,59.5,98.5,46.7001,2.55,13.3,50,50,33,0,Plains,Warrior,10,0.04,0.4,1,-1,0
18,33,15,17,100,97.7,83.5,67.7001,0.500001,13.3,55,55,33,0,Plains,Prophet,5,0,0,1,-1,0
19,33,14,16,60,0,73.5,65.7001,0,25.3,50,50,33,0,Plains,Warrior,4,0.04,0.4,1,-1,0
20,33,16,0,100,45.7001,83.5,66.7001,0,23.3,52,70,33,0,Mountain,Thinker,0,-0.03,0.2,1,1,0
21,33,17,19,100,75.9,94.5,58.2001,0,31.1,50,54.7392,11,1,Plains,Explorer,0.6,0.008,0.04,1,-1,0
1,34,7,16,85,0,83,46.6001,0,13.4,50,50,34,0,Forest,Warrior,0,0,0,1,-1,0
2,34,18,0,100,42.6001,81,49.6001,0,15.4,53,50,34,0,Mountain,Warrior,9,0.09,0,1,1,0
3,34,13,13,100,33.2001,83,46.6001,2.45,13.4,50,50,34,0,Forest,Warrior,10,0,0,1,1,0
4,34,1,14,85,0,81,46.6001,0,15.4,50,60,34,0,Forest,Builder,0,0,0,1,-1,0
5,34,1,2,100,17.1,83,48.6001,0,13.4,52,50,34,0,Mountain,Warrior,6,0.08,0.2,1,-1,0
6,34,4,16,95,0,83,46.6001,0,13.4,53,55,34,0,Forest,Prophet,-5,-0.05,0,1,-1,0
7,34,4,17,100,26.7,83,61.6001,0,13.4,48,50,34,0,Forest,Warrior,-5,-0.05,0,1,-1,0
9,34,19,0,100,50.1001,83,49.6001,0,13.4,58,55,34,0,Mountain,Prophet,9,0.09,0,1,1,0
11,34,12,16,100,66.1001,83,46.6001,0.400001,13.4,50,50,34,0,Forest,Warrior,5,0,0,1,-1,0
12,34,15,14,100,27,81,62.6001,0,15.4,55,55,34,0,Forest,Prophet,0,0,0,1,1,0
13,34,14,17,45,0,83,67.6001,5.45,33.4,50,50,34,0,Plains,Explorer,14,0,0,1,-1,0
14,34,19,19,50,0,83,83.6001,0,13.4,97,50,34,0,Plains,Healer,81,0.83,0.2,1,-1,0
15,34,15,18,100,58.8,98,46.6001,2.5,13.4,50,50,34,0,Plains,Warrior,10,0.04,0.4,1,-1,0
18,34,15,17,100,97.6,83,67.6001,0.450001,13.4,55,55,34,0,Plains,Prophet,5,0,0,1,-1,0
19,34,14,16,55,0,71,65.6001,0,27.4,50,50,34,0,Plains,Warrior,4,0.04,0.4,1,-1,0
20,34,16,0,100,44.4001,83,66.6001,0,23.4,52,70,34,0,Mountain,Thinker,0,-0.03,0.2,1,1,0
21,34,17,19,100,73.8,94,58.6001,0,31.2,50,54.7392,12,1,Plains,Explorer,0.6,0.008,0.04,1,-1,0
1,35,7,16,80,0,82.5,46.5001,0,13.5,50,50,35,0,Forest,Warrior,0,0,0,1,-1,0
2,35,18,0,100,41.3001,80.5,49.5001,0,15.5,53,50,35,0,Mountain,Warrior,9,0.09,0,1,1,0
3,35,13,13,100,33.1001,82.5,46.5001,2.4,13.5,50,50,35,0,Forest,Warrior,10,0,0,1,1,0
4,35,1,14,80,0,80.5,46.5001,0,15.5,50,60,35,0,Forest,Builder,0,0,0,1,-1,0
5,35,1,1,100,15.8,82.5,48.5001,0,13.5,52,50,35,0,Mountain,Warrior,6,0.08,0.2,1,-1,0
6,35,4,16,90,0,82.5,46.5001,0,13.5,53,55,35,0,Forest,Prophet,-5,-0.05,0,1,-1,0
7,35,4,17,100,24.6,82.5,62.0001,0,13.5,48,50,35,0,Forest,Warrior,-5,-0.05,0,1,-1,0
9,35,19,0,100,48.8001,82.5,49.5001,0,13.5,58,55,35,0,Mountain,Prophet,9,0.09,0,1,1,0
11,35,12,16,100,66.0001,82.5,46.5001,0.350001,13.5,50,50,35,0,Forest,Warrior,5,0,0,1,-1,0
12,35,15,14,100,24.9,80.5,63.0001,0,15.5,55,55,35,0,Forest,Prophet,0,0,0,1,1,0
13,35,14,17,40,0,82.5,67.5001,5.39999,33.5,50,50,35,0,Plains,Explorer,14,0,0,1,-1,0
14,35,19,19,45,0,82.5,83.5001,0,13.5,97,50,35,0,Plains,Healer,81,0.83,0.2,1,-1,0
15,35,15,18,100,55.7001,97.5,46.5001,2.45,13.5,50,50,35,0,Plains,Warrior,10,0.04,0.4,1,-1,0
18,35,15,17,100,97.5,82.5,67.5001,0.400001,13.5,55,55,35,0,Plains,Prophet,5,0,0,1,-1,0
19,35,13,15,50,0,70.5,65.5001,0,27.5,50,50,35,0,Forest,Warrior,4,0.04,0.4,1,-1,0
20,35,16,0,100,43.1001,82.5,66.5001,0,23.5,52,70,35,0,Mountain,Thinker,0,-0.03,0.2,1,1,0
21,35,17,19,100,70.7,93.5,58.5001,0,31.3,50,54.7392,13,1,Plains,Explorer,0.6,0.008,0.04,1,-1,0
1,36,7,16,75,0,82,46.4001,0,13.6,49.9,50,36,0,Forest,Warrior,0,0,0,1,-1,0
2,36,18,0,100,39.5001,80,49.4001,0,15.6,52.9,50,36,0,Mountain,Warrior,9,0.09,0,1,1,0
3,36,13,13,100,32.5001,82,46.4001,2.35,13.6,49.9,50,36,0,Forest,Warrior,10,0,0,1,1,0
4,36,1,14,75,0,80,46.4001,0,15.6,49.9,60,36,0,Forest,Builder,0,0,0,1,-1,0
5,36,1,0,100,14,82,48.4001,0,13.6,51.9,50,36,0,Mountain,Warrior,6,0.08,0.2,1,-1,0
6,36,4,16,85,0,82,46.4001,0,13.6,52.9,55,36,0,Forest,Prophet,-5,-0.05,0,1,-1,0
7,36,4,17,100,22,82,62.4001,0,13.6,47.9,50,36,0,Forest,Warrior,-5,-0.05,0,1,-1,0
9,36,19,0,100,47.0001,82,49.4001,0,13.6,57.9,55,36,0,Mountain,Prophet,9,0.09,0,1,1,0
11,36,12,16,100,65.4001,82,46.4001,0.300001,13.6,49.9,50,36,0,Forest,Warrior,5,0,0,1,-1,0
12,36,15,14,100,22.3,80,63.4001,0,15.6,54.9,55,36,0,Forest,Prophet,0,0,0,1,1,0
13,36,14,17,35,0,82,67.4001,5.34999,33.6,49.9,50,36,0,Plains,Explorer,14,0,0,1,-1,0
14,36,19,19,40,0,82,84.4001,0,13.6,97.9,50,36,0,Plains,Healer,84,0.86,0.2,1,-1,0
15,36,15,18,100,52.1001,97,46.4001,2.4,13.6,49.9,50,36,0,Plains,Warrior,10,0.04,0.4,1,-1,0
18,36,15,17,100,96.9,82,67.4001,0.350001,13.6,54.9,55,36,0,Plains,Prophet,5,0,0,1,-1,0
19,36,13,15,45,0,70,65.4001,0,27.6,50,50,36,0,Forest,Warrior,4,0.04,0.4,1,-1,0
20,36,16,0,100,41.3001,82,66.4001,0,23.6,51.9,70,36,0,Mountain,Thinker,0,-0.03,0.2,1,1,0
21,36,17,19,100,67.6,93,58.4001,0,31.4,50,54.7392,14,1,Plains,Explorer,0.6,0.008,0.04,1,-1,0
1,37,7,16,70,0,81.5,48.3001,0,13.7,49.9,50,37,0,Forest,Warrior,2,0,0,1,-1,0
2,37,18,0,100,29.4001,79.5,51.3001,0,15.7,52.9,50,37,0,Mountain,Warrior,11,0.09,0,1,1,0
3,37,13,13,100,22.4001,81.5,48.3001,2.3,13.7,49.9,50,37,0,Forest,Warrior,12,0,0,1,1,0
4,37,1,14,70,0,79.5,48.3001,0,15.7,49.9,60,37,0,Forest,Builder,2,0,0,1,-1,0
5,37,1,0,100,3.90002,81.5,50.3001,0,13.7,51.9,50,37,0,Mountain,Warrior,8,0.08,0.2,1,-1,0
6,37,4,16,80,0,81.5,48.3001,0,13.7,52.9,55,37,0,Forest,Prophet,-3,-0.05,0,1,-1,0
7,37,4,17,100,11.9,81.5,64.3001,0,13.7,47.9,50,37,0,Forest,Warrior,-3,-0.05,0,1,-1,0
9,37,19,0,100,36.9001,81.5,51.3001,0,13.7,57.9,55,37,0,Mountain,Prophet,11,0.09,0,1,1,0
11,37,12,16,100,25.3001,81.5,58.3001,0.250001,13.7,49.9,50,37,0,Forest,Warrior,7,0,0,1,-1,0
12,37,15,14,100,12.2,79.5,65.3001,0,15.7,54.9,55,37,0,Forest,Prophet,2,0,0,1,1,0
13,37,14,17,30,0,81.5,69.3001,5.29999,33.7,49.9,50,37,0,Plains,Explorer,16,0,0,1,-1,0
14,37,19,19,35,0,81.5,86.3001,0,13.7,97.9,50,37,0,Plains,Healer,86,0.86,0.2,1,-1,0
15,37,15,18,100,12.0001,96.5,58.3001,2.35,13.7,49.9,50,37,0,Plains,Warrior,12,0.04,0.4,1,-1,0
18,37,15,17,100,86.8,81.5,69.3001,0.300001,13.7,54.9,55,37,0,Plains,Prophet,7,0,0,1,-1,0
19,37,13,15,40,0,69.5,65.3001,0,27.7,50,50,37,0,Forest,Warrior,4,0.04,0.4,1,-1,0
20,37,16,0,100,31.2001,81.5,68.3001,0,23.7,51.9,70,37,0,Mountain,Thinker,2,-0.03,0.2,1,1,0
21,37,17,19,100,65.5,92.5,58.8001,0,31.5,50,54.7392,15,1,Plains,Explorer,0.6,0.008,0.04,1,-1,0
22,37,12,16,100,100,100,48.3001,0.0500002,10,50,50,0,1,Forest,Warrior,2.1,0,0,1,-1,0
23,37,15,18,100,100,100,48.5049,0.47,30,50,50,0,1,Plains,Explorer,3.6,0.008,0.04,1,-1,0
1,38,7,16,65,0,81,48.2001,0,13.8,49.9,50,38,0,Forest,Warrior,2,0,0,1,-1,0
2,38,18,0,100,28.1001,79,51.2001,0,15.8,52.9,50,38,0,Mountain,Warrior,11,0.09,0,1,1,0
3,38,13,13,100,22.3001,81,48.2001,2.25,13.8,49.9,50,38,0,Forest,Warrior,12,0,0,1,1,0
4,38,1,14,65,0,79,48.2001,0,15.8,49.9,60,38,0,Forest,Builder,2,0,0,1,-1,0
5,38,1,0,100,2.60002,81,50.2001,0,13.8,51.9,50,38,0,Mountain,Warrior,8,0.08,0.2,1,-1,0
6,38,4,16,75,0,81,48.2001,0,13.8,52.9,55,38,0,Forest,Prophet,-3,-0.05,0,1,-1,0
7,38,4,17,100,9.80004,81,64.7001,0,13.8,47.9,50,38,0,Forest,Warrior,-3,-0.05,0,1,-1,0
9,38,19,0,100,35.6001,81,51.2001,0,13.8,57.9,55,38,0,Mountain,Prophet,11,0.09,0,1,1,0
11,38,12,16,100,15.2001,81,60.2001,0.200001,13.8,49.9,50,38,0,Forest,Warrior,9,0,0,1,-1,0
12,38,15,14,100,10.1,79,65.7001,0,15.8,54.9,55,38,0,Forest,Prophet,2,0,0,1,1,0
13,38,14,17,25,0,81,69.2001,5.24999,33.8,49.9,50,38,0,Plains,Explorer,16,0,0,1,-1,0
14,38,19,19,30,0,81,87.2001,0,13.8,98.9,50,38,0,Plains,Healer,89,0.89,0.2,1,-1,0
15,38,15,18,100,6.90005,96,63.2001,2.3,13.8,49.9,50,38,0,Plains,Warrior,14,0.04,0.4,1,-1,0
18,38,15,17,100,86.7,81,69.2001,0.250001,13.8,54.9,55,38,0,Plains,Prophet,7,0,0,1,-1,0
19,38,13,15,35,0,69,65.2001,0,27.8,50,50,38,0,Forest,Warrior,4,0.04,0.4,1,-1,0
20,38,16,0,100,29.9001,81,68.2001,0,23.8,51.9,70,38,0,Mountain,Thinker,2,-0.03,0.2,1,1,0
21,38,17,19,100,63.4,92,59.2001,0,31.6,50,54.7392,16,1,Plains,Explorer,0.6,0.008,0.04,1,-1,0
22,38,12,16,100,99.9,99.5,48.2001,1.53482e-07,10.1,50,50,1,1,Forest,Warrior,2.1,0,0,1,-1,0
23,38,15,18,100,91.9,99.5,51.4049,1.42,30.1,50,50,1,1,Plains,Explorer,5.6,0.008,0.04,1,-1,0
1,39,7,16,60,0,80.5,48.1001,0,13.9,49.9,50,39,0,Forest,Warrior,2,0,0,1,-1,0
2,39,18,0,100,26.8001,78.5,51.1001,0,15.9,52.9,50,39,0,Mountain,Warrior,11,0.09,0,1,1,0
3,39,13,13,100,22.2001,80.5,48.1001,2.2,13.9,49.9,50,39,0,Forest,Warrior,12,0,0,1,1,0
4,39,1,14,60,0,78.5,48.1001,0,15.9,49.9,60,39,0,Forest,Builder,2,0,0,1,-1,0
5,39,1,0,100,1.30002,80.5,50.1001,0,13.9,51.9,50,39,0,Mountain,Warrior,8,0.08,0.2,1,-1,0
6,39,4,16,70,0,80.5,48.1001,0,13.9,52.9,55,39,0,Forest,Prophet,-3,-0.05,0,1,-1,0
7,39,4,17,100,7.70004,80.5,65.1001,0,13.9,47.9,50,39,0,Forest,Warrior,-3,-0.05,0,1,-1,0
9,39,19,0,100,34.3001,80.5,51.1001,0,13.9,57.9,55,39,0,Mountain,Prophet,11,0.09,0,1,1,0
11,39,12,16,100,15.1001,80.5,60.1001,0.150001,13.9,49.9,50,39,0,Forest,Warrior,9,0,0,1,-1,0
12,39,15,14,100,4.61578e-05,78.5,67.6001,0,15.9,54.9,55,39,0,Forest,Prophet,4,0,0,1,1,0
13,39,14,17,20,0,80.5,69.1001,5.19999,33.9,49.9,50,39,0,Plains,Explorer,16,0,0,1,-1,0
14,39,19,19,25,0,80.5,88.1001,0,13.9,99.9,50,39,0,Plains,Healer,92,0.92,0.2,1,-1,0
15,39,15,18,95,5,95.5,68.1001,2.25,13.9,49.9,50,39,0,Plains,Warrior,16,0.04,0.4,1,-1,0
18,39,15,17,100,86.6,80.5,69.1001,0.200001,13.9,54.9,55,39,0,Plains,Prophet,7,0,0,1,-1,0
19,39,13,15,30,0,68.5,65.1001,0,27.9,50,50,39,0,Forest,Warrior,4,0.04,0.4,1,-1,0
20,39,16,0,100,28.6001,80.5,68.1001,0,23.9,51.9,70,39,0,Mountain,Thinker,2,-0.03,0.2,1,1,0
21,39,17,19,100,60.3,91.5,59.1001,0,31.7,50,54.7392,17,1,Plains,Explorer,0.6,0.008,0.04,1,-1,0
22,39,12,16,100,99.8,99,48.1001,0,10.2,50,50,2,1,Forest,Warrior,2.1,0,0,1,-1,0
23,39,15,18,100,83.8,99,54.3049,2.37,30.2,50,50,2,1,Plains,Explorer,7.6,0.008,0.04,1,-1,0
1,40,7,16,55,0,80,48.0001,0,14,49.9,50,40,0,Forest,Warrior,2,0,0,1,-1,0
2,40,18,0,100,25.7001,78,51.0001,0,16,52.9,50,40,0,Mountain,Warrior,11,0.09,0,1,1,0
3,40,13,13,100,22.1001,80,48.0001,2.15,14,49.9,50,40,0,Forest,Warrior,12,0,0,1,1,0
4,40,1,14,55,0,78,48.0001,0,16,49.9,60,40,0,Forest,Builder,2,0,0,1,-1,0
5,40,1,0,100,1.20002,80,50.0001,0,14,51.9,50,40,0,Mountain,Warrior,8,0.08,0.2,1,-1,0
6,40,4,16,65,0,80,48.0001,0,14,52.9,55,40,0,Forest,Prophet,-3,-0.05,0,1,-1,0
7,40,4,17,100,5.60004,80,65.5001,0,14,47.9,50,40,0,Forest,Warrior,-3,-0.05,0,1,-1,0
9,40,19,0,100,33.2001,80,51.0001,0,14,57.9,55,40,0,Mountain,Prophet,11,0.09,0,1,1,0
11,40,13,16,100,14.5001,80,60.0001,0.100001,14,49.9,50,40,0,Plains,Warrior,9,0,0,1,-1,0
12,40,15,14,95,0,78,68.0001,0,16,54.9,55,40,0,Forest,Prophet,4,0,0,1,1,0
13,40,14,17,15,0,80,69.0001,5.14999,34,49.9,50,40,0,Plains,Explorer,16,0,0,1,-1,0
14,40,19,19,20,0,80,89.0001,0,14,100,50,40,0,Plains,Healer,95,0.95,0.2,1,-1,0
15,40,15,18,90,5,95,73.0001,2.2,14,49.9,50,40,0,Plains,Warrior,18,0.04,0.4,1,-1,0
18,40,15,17,100,86.5,80,69.0001,0.150001,14,54.9,55,40,0,Plains,Prophet,7,0,0,1,-1,0
19,40,13,15,25,0,68,65.0001,0,28,50,50,40,0,Forest,Warrior,4,0.04,0.4,1,-1,0
20,40,16,0,100,27.5001,80,68.0001,0,24,51.9,70,40,0,Mountain,Thinker,2,-0.03,0.2,1,1,0
21,40,16,18,100,57.2,91,59.0001,0,31.8,50,54.7392,18,1,Plains,Explorer,0.6,0.008,0.04,1,-1,0
22,40,12,16,100,99.7,98.5,48.0001,0,10.3,50,50,3,1,Forest,Warrior,2.1,0,0,1,-1,0
23,40,15,18,100,75.7,98.5,57.2049,3.32,30.3,50,50,3,1,Plains,Explorer,9.6,0.008,0.04,1,-1,0
1,41,7,16,50,0,79.5,47.9001,0,14.1,49.9,50,41,0,Forest,Warrior,2,0,0,1,-1,0
2,41,18,0,100,24.6,77.5,50.9001,0,16.1,52.9,50,41,0,Mountain,Warrior,11,0.09,0,1,1,0
3,41,13,13,100,22.0001,79.5,47.9001,2.1,14.1,49.9,50,41,0,Forest,Warrior,12,0,0,1,1,0
4,41,1,14,50,0,77.5,47.9001,0,16.1,49.9,60,41,0,Forest,Builder,2,0,0,1,-1,0
5,41,1,0,100,1.10002,79.5,49.9001,0,14.1,51.9,50,41,0,Mountain,Warrior,8,0.08,0.2,1,-1,0
6,41,4,16,60,0,79.5,47.9001,0,14.1,52.9,55,41,0,Forest,Prophet,-3,-0.05,0,1,-1,0
7,41,4,17,100,3.50004,79.5,65.9001,0,14.1,47.9,50,41,0,Forest,Warrior,-3,-0.05,0,1,-1,0
9,41,19,0,100,32.1001,79.5,50.9001,0,14.1,57.9,55,41,0,Mountain,Prophet,11,0.09,0,1,1,0
11,41,14,16,100,13.9001,79.5,59.9001,0.0500008,14.1,49.9,50,41,0,Plains,Warrior,9,0,0,1,-1,0
12,41,15,14,90,0,77.5,68.4001,0,16.1,54.9,55,41,0,Forest,Prophet,4,0,0,1,1,0
13,41,14,17,10,0,79.5,68.9001,5.09999,34.1,49.9,50,41,0,Plains,Explorer,16,0,0,1,-1,0
14,41,19,19,15,0,79.5,89.9001,0,14.1,100,50,41,0,Plains,Healer,98,0.98,0.2,1,-1,0
15,41,15,18,85,5,94.5,77.9001,2.15,14.1,49.9,50,41,0,Plains,Warrior,20,0.04,0.4,1,-1,0
18,41,15,17,100,86.4,79.5,68.9001,0.100001,14.1,54.9,55,41,0,Plains,Prophet,7,0,0,1,-1,0
19,41,13,15,20,0,67.5,64.9001,0,28.1,50,50,41,0,Forest,Warrior,4,0.04,0.4,1,-1,0
20,41,16,0,100,26.4001,79.5,67.9001,0,24.1,51.9,70,41,0,Mountain,Thinker,2,-0.03,0.2,1,1,0
21,41,16,19,100,56.6,90.5,58.9001,0,31.9,50,54.7392,19,1,Plains,Explorer,0.6,0.008,0.04,1,-1,0
22,41,12,16,100,99.6,98,47.9001,0,10.4,50,50,4,1,Forest,Warrior,2.1,0,0,1,-1,0
23,41,15,18,100,67.6,98,60.1049,4.27,30.4,50,50,4,1,Plains,Explorer,11.6,0.008,0.04,1,-1,0
1,42,7,16,45,0,79,47.8001,0,14.2,49.9,50,42,0,Forest,Warrior,2,0,0,1,-1,0
2,42,18,0,100,23.5,77,50.8001,0,16.2,52.9,50,42,0,Mountain,Warrior,11,0.09,0,1,1,0
3,42,13,13,100,21.9001,79,47.8001,2.05,14.2,49.9,50,42,0,Forest,Warrior,12,0,0,1,1,0
4,42,1,14,45,0,77,47.8001,0,16.2,49.9,60,42,0,Forest,Builder,2,0,0,1,-1,0
5,42,1,0,100,1.00002,79,49.8001,0,14.2,51.9,50,42,0,Mountain,Warrior,8,0.08,0.2,1,-1,0
6,42,4,16,55,0,79,47.8001,0,14.2,52.9,55,42,0,Forest,Prophet,-3,-0.05,0,1,-1,0
7,42,4,17,100,1.40004,79,66.3001,0,14.2,47.9,50,42,0,Forest,Warrior,-3,-0.05,0,1,-1,0
9,42,19,0,100,31.0001,79,50.8001,0,14.2,57.9,55,42,0,Mountain,Prophet,11,0.09,0,1,1,0
11,42,14,16,100,8.80005,79,60.8001,7.83056e-07,14.2,50.9,50,42,0,Plains,Warrior,12,0.03,0,1,-1,0
12,42,15,14,85,0,77,68.8001,0,16.2,54.9,55,42,0,Forest,Prophet,4,0,0,1,1,0
13,42,14,17,5,0,79,68.8001,5.04999,34.2,49.9,50,42,0,Plains,Explorer,16,0,0,1,-1,0
14,42,19,19,10,0,79,90.8001,0,14.2,100,50,42,0,Plains,Healer,101,1,0.2,1,-1,0
15,42,15,18,80,5,94,82.8001,2.1,14.2,49.9,50,42,0,Plains,Warrior,22,0.04,0.4,1,-1,0
18,42,15,17,100,86.3,79,68.8001,0.0500008,14.2,54.9,55,42,0,Plains,Prophet,7,0,0,1,-1,0
19,42,13,15,15,0,67,64.8001,0,28.2,50,50,42,0,Forest,Warrior,4,0.04,0.4,1,-1,0
20,42,16,0,100,25.3001,79,67.8001,0,24.2,51.9,70,42,0,Mountain,Thinker,2,-0.03,0.2,1,1,0
21,42,17,19,100,56,90,58.8001,0,32,50,54.7392,20,1,Plains,Explorer,0.6,0.008,0.04,1,-1,0
22,42,12,16,100,99.5,97.5,47.8001,0,10.5,50,50,5,1,Forest,Warrior,2.1,0,0,1,-1,0
23,42,15,18,100,59.5,97.5,63.0049,5.22,30.5,50,50,5,1,Plains,Explorer,13.6,0.008,0.04,1,-1,0
1,43,7,16,40,0,78.5,47.7001,0,14.3,49.9,50,43,0,Forest,Warrior,2,0,0,1,-1,0
2,43,18,0,100,22.4,76.5,50.7001,0,16.3,52.9,50,43,0,Mountain,Warrior,11,0.09,0,1,1,0
3,43,13,13,100,21.8001,78.5,47.7001,2,14.3,49.9,50,43,0,Forest,Warrior,12,0,0,1,1,0
4,43,1,14,40,0,76.5,47.7001,0,16.3,49.9,60,43,0,Forest,Builder,2,0,0,1,-1,0
5,43,1,0,100,0.900025,78.5,49.7001,0,14.3,51.9,50,43,0,Mountain,Warrior,8,0.08,0.2,1,-1,0
6,43,4,16,50,0,78.5,47.7001,0,14.3,52.9,55,43,0,Forest,Prophet,-3,-0.05,0,1,-1,0
7,43,4,17,95,0,78.5,66.7001,0,14.3,47.9,50,43,0,Forest,Warrior,-3,-0.05,0,1,-1,0
9,43,19,0,100,29.9001,78.5,50.7001,0,14.3,57.9,55,43,0,Mountain,Prophet,11,0.09,0,1,1,0
11,43,14,16,100,3.70005,78.5,61.7001,0,14.3,51.9,50,43,0,Plains,Warrior,15,0.06,0,1,-1,0
12,43,15,14,80,0,76.5,69.2001,0,16.3,54.9,55,43,0,Forest,Prophet,4,0,0,1,1,0
14,43,19,19,5,0,78.5,92.7001,0,14.3,100,50,43,0,Plains,Healer,103,1,0.2,1,-1,0
15,43,15,18,75,5,93.5,87.7001,2.05,14.3,49.9,50,43,0,Plains,Warrior,24,0.04,0.4,1,-1,0
18,43,15,17,100,86.2001,78.5,68.7001,7.83056e-07,14.3,54.9,55,43,0,Plains,Prophet,7,0,0,1,-1,0
19,43,13,15,10,0,66.5,64.7001,0,28.3,49.9,50,43,0,Forest,Warrior,4,0.04,0.4,1,-1,0
20,43,16,0,100,24.2001,78.5,67.7001,0,24.3,51.9,70,43,0,Mountain,Thinker,2,-0.03,0.2,1,1,0
21,43,17,19,100,50.9,89.5,58.7001,0,32.1,50,54.7392,21,1,Plains,Explorer,0.6,0.008,0.04,1,-1,0
22,43,12,16,100,99.4,97,47.7001,0,10.6,50,50,6,1,Forest,Warrior,2.1,0,0,1,-1,0
23,43,15,18,100,51.4,97,65.9049,6.17,30.6,50,50,6,1,Plains,Explorer,15.6,0.008,0.04,1,-1,0
1,44,7,16,35,0,78,47.6001,0,14.4,49.9,50,44,0,Forest,Warrior,2,0,0,1,-1,0
2,44,18,0,100,21.3,76,50.6001,0,16.4,52.9,50,44,0,Mountain,Warrior,11,0.09,0,1,1,0
3,44,13,13,100,21.7001,78,47.6001,1.95,14.4,49.9,50,44,0,Forest,Warrior,12,0,0,1,1,0
4,44,1,14,35,0,76,47.6001,0,16.4,49.9,60,44,0,Forest,Builder,2,0,0,1,-1,0
5,44,1,0,100,0.800025,78,49.6001,0,14.4,51.9,50,44,0,Mountain,Warrior,8,0.08,0.2,1,-1,0
6,44,4,16,45,0,78,47.6001,0,14.4,52.9,55,44,0,Forest,Prophet,-3,-0.05,0,1,-1,0
7,44,4,17,90,0,78,67.1001,0,14.4,47.9,50,44,0,Forest,Warrior,-3,-0.05,0,1,-1,0
9,44,19,0,100,28.8001,78,50.6001,0,14.4,57.9,55,44,0,Mountain,Prophet,11,0.09,0,1,1,0
11,44,14,16,95,0,78,62.6001,0,14.4,52.9,50,44,0,Plains,Warrior,18,0.09,0,1,-1,0
12,44,15,14,75,0,76,69.6001,0,16.4,54.9,55,44,0,Forest,Prophet,4,0,0,1,1,0
15,44,15,18,70,5,93,92.6001,2,14.4,49.9,50,44,0,Plains,Warrior,26,0.04,0.4,1,-1,0
18,44,15,17,100,86.1001,78,68.6001,0,14.4,54.9,55,44,0,Plains,Prophet,7,0,0,1,-1,0
19,44,13,15,5,0,66,66.6001,0,28.4,49.9,50,44,0,Forest,Warrior,6,0.04,0.4,1,-1,0
20,44,16,0,100,19.1001,78,67.6001,0,24.4,49.9,70,44,0,Mountain,Thinker,-3,-0.08,0.2,1,1,0
21,44,17,19,100,45.8,87,58.6001,0,34.2,50,54.7392,22,1,Plains,Explorer,0.6,0.008,0.04,1,-1,0
22,44,12,16,100,99.3,96.5,47.6001,0,10.7,50,50,7,1,Forest,Warrior,2.1,0,0,1,-1,0
23,44,15,18,100,43.3,96.5,68.8049,7.12,30.7,50,50,7,1,Plains,Explorer,17.6,0.008,0.04,1,-1,0
1,45,7,16,30,0,77.5,47.5001,0,14.5,49.9,50,45,0,Forest,Warrior,2,0,0,1,-1,0
2,45,18,0,100,20.2,75.5,50.5001,0,16.5,52.9,50,45,0,Mountain,Warrior,11,0.09,0,1,1,0
3,45,13,13,100,21.6,77.5,47.5001,1.9,14.5,49.9,50,45,0,Forest,Warrior,12,0,0,1,1,0
4,45,1,14,30,0,75.5,47.5001,0,16.5,49.9,60,45,0,Forest,Builder,2,0,0,1,-1,0
5,45,1,0,100,0.700025,77.5,49.5001,0,14.5,51.9,50,45,0,Mountain,Warrior,8,0.08,0.2,1,-1,0
6,45,4,16,40,0,77.5,47.5001,0,14.5,52.9,55,45,0,Forest,Prophet,-3,-0.05,0,1,-1,0
7,45,4,17,85,0,77.5,67.5001,0,14.5,47.9,50,45,0,Forest,Warrior,-3,-0.05,0,1,-1,0
9,45,19,0,100,27.7001,77.5,50.5001,0,14.5,57.9,55,45,0,Mountain,Prophet,11,0.09,0,1,1,0
11,45,14,16,90,0,77.5,63.5001,0,14.5,53.9,50,45,0,Plains,Warrior,21,0.12,0,1,-1,0
12,45,15,14,70,0,75.5,70.0001,0,16.5,54.9,55,45,0,Forest,Prophet,4,0,0,1,1,0
15,45,15,18,65,5,92.5,97.5001,1.95,14.5,49.9,50,45,0,Plains,Warrior,28,0.04,0.4,1,-1,0
18,45,15,17,100,86.0001,77.5,68.5001,0,14.5,54.9,55,45,0,Plains,Prophet,7,0,0,1,-1,0
20,45,16,0,100,18.0001,77.5,67.5001,0,24.5,49.9,70,45,0,Mountain,Thinker,-3,-0.08,0.2,1,1,0
21,45,17,19,100,40.7,86.5,58.5001,0,34.3,48,54.7392,23,1,Plains,Explorer,-4.4,-0.042,0.04,1,-1,0
22,45,12,16,100,99.2,96,47.5001,0,10.8,50,50,8,1,Forest,Warrior,2.1,0,0,1,-1,0
23,45,15,18,100,35.2,96,71.7049,8.07,30.8,50,50,8,1,Plains,Explorer,19.6,0.008,0.04,1,-1,0
1,46,7,16,25,0,77,47.4001,0,14.6,49.9,50,46,0,Forest,Warrior,2,0,0,1,-1,0
2,46,18,0,100,19.1,75,50.4001,0,16.6,52.9,50,46,0,Mountain,Warrior,11,0.09,0,1,1,0
3,46,13,13,100,21.5,77,47.4001,1.85,14.6,49.9,50,46,0,Forest,Warrior,12,0,0,1,1,0
4,46,1,14,25,0,75,47.4001,0,16.6,49.9,60,46,0,Forest,Builder,2,0,0,1,-1,0
5,46,1,0,100,0.600025,77,49.4001,0,14.6,51.9,50,46,0,Mountain,Warrior,8,0.08,0.2,1,-1,0
6,46,4,16,35,0,77,47.4001,0,14.6,52.9,55,46,0,Forest,Prophet,-3,-0.05,0,1,-1,0
7,46,4,17,80,0,77,67.9001,0,14.6,47.9,50,46,0,Forest,Warrior,-3,-0.05,0,1,-1,0
9,46,19,0,100,26.6001,77,50.4001,0,14.6,57.9,55,46,0,Mountain,Prophet,11,0.09,0,1,1,0
11,46,14,16,85,0,77,64.4001,0,14.6,54.9,50,46,0,Plains,Warrior,24,0.15,0,1,-1,0
12,46,15,14,65,0,75,70.4001,0,16.6,54.9,55,46,0,Forest,Prophet,4,0,0,1,1,0
15,46,15,18,60,5,92,102.4,1.9,14.6,49.9,50,46,0,Plains,Warrior,30,0.04,0.4,1,-1,0
18,46,15,17,100,85.9001,77,68.4001,0,14.6,54.9,55,46,0,Plains,Prophet,7,0,0,1,-1,0
20,46,16,0,100,16.9001,77,67.4001,0,24.6,49.9,70,46,0,Mountain,Thinker,-3,-0.08,0.2,1,1,0
21,46,17,19,100,35.6,86,59.4001,0,34.4,49,54.7392,24,1,Plains,Explorer,-1.4,-0.012,0.04,1,-1,0
22,46,12,16,100,99.1,95.5,47.4001,0,10.9,50,50,9,1,Forest,Warrior,2.1,0,0,1,-1,0
23,46,15,18,100,27.1,95.5,74.6049,9.02,30.9,50,50,9,1,Plains,Explorer,21.6,0.008,0.04,1,-1,0
1,47,7,16,20,0,76.5,47.3001,0,14.7,49.9,50,47,0,Forest,Warrior,2,0,0,1,-1,0
2,47,18,0,100,18,74.5,50.3001,0,16.7,52.9,50,47,0,Mountain,Warrior,11,0.09,0,1,1,0
3,47,13,13,100,21.4,76.5,47.3001,1.8,14.7,49.9,50,47,0,Forest,Warrior,12,0,0,1,1,0
4,47,1,14,20,0,74.5,47.3001,0,16.7,49.9,60,47,0,Forest,Builder,2,0,0,1,-1,0
5,47,1,0,100,0.500025,76.5,49.3001,0,14.7,51.9,50,47,0,Mountain,Warrior,8,0.08,0.2,1,-1,0
6,47,4,16,30,0,76.5,47.3001,0,14.7,52.9,55,47,0,Forest,Prophet,-3,-0.05,0,1,-1,0
7,47,4,17,75,0,76.5,68.3001,0,14.7,47.9,50,47,0,Forest,Warrior,-3,-0.05,0,1,-1,0
9,47,19,0,100,25.5001,76.5,50.3001,0,14.7,57.9,55,47,0,Mountain,Prophet,11,0.09,0,1,1,0
11,47,14,16,80,0,76.5,65.3001,0,14.7,55.9,50,47,0,Plains,Warrior,27,0.18,0,1,-1,0
12,47,15,14,60,0,74.5,70.8001,0,16.7,54.9,55,47,0,Forest,Prophet,4,0,0,1,1,0
15,47,15,18,55,5,91.5,103,1.85,14.7,49.9,50,47,0,Plains,Warrior,32,0.04,0.4,1,-1,0
18,47,15,17,100,85.8001,76.5,68.3001,0,14.7,54.9,55,47,0,Plains,Prophet,7,0,0,1,-1,0
20,47,16,0,100,15.8001,76.5,67.3001,0,24.7,49.9,70,47,0,Mountain,Thinker,-3,-0.08,0.2,1,1,0
21,47,17,19,100,30.5,85.5,60.3001,0,34.5,50,54.7392,25,1,Plains,Explorer,1.6,0.018,0.04,1,-1,0
22,47,12,16,100,99,95,47.3001,0,11,50,50,10,1,Forest,Warrior,2.1,0,0,1,-1,0
23,47,15,18,100,19,95,77.5049,9.97,31,50,50,10,1,Plains,Explorer,23.6,0.008,0.04,1,-1,0
1,48,7,16,15,0,76,47.2001,0,14.8,49.9,50,48,0,Forest,Warrior,2,0,0,1,-1,0
2,48,18,0,100,16.9,74,50.2001,0,16.8,52.9,50,48,0,Mountain,Warrior,11,0.09,0,1,1,0
3,48,13,13,100,21.3,76,47.2001,1.75,14.8,49.9,50,48,0,Forest,Warrior,12,0,0,1,1,0
4,48,1,14,15,0,74,47.2001,0,16.8,49.9,60,48,0,Forest,Builder,2,0,0,1,-1,0
5,48,1,0,100,0.400025,76,49.2001,0,14.8,51.9,50,48,0,Mountain,Warrior,8,0.08,0.2,1,-1,0
6,48,4,16,25,0,76,47.2001,0,14.8,52.9,55,48,0,Forest,Prophet,-3,-0.05,0,1,-1,0
7,48,4,17,70,0,76,68.7001,0,14.8,47.9,50,48,0,Forest,Warrior,-3,-0.05,0,1,-1,0
9,48,19,0,100,24.4001,76,50.2001,0,14.8,57.9,55,48,0,Mountain,Prophet,11,0.09,0,1,1,0
11,48,14,16,75,0,76,66.2001,0,14.8,56.9,50,48,0,Plains,Warrior,30,0.21,0,1,-1,0
12,48,15,14,55,0,74,71.2001,0,16.8,54.9,55,48,0,Forest,Prophet,4,0,0,1,1,0
15,48,15,18,50,5,91,103,1.8,14.8,49.9,50,48,0,Plains,Warrior,34,0.04,0.4,1,-1,0
18,48,15,17,100,85.7001,76,68.2001,0,14.8,54.9,55,48,0,Plains,Prophet,7,0,0,1,-1,0
20,48,16,0,100,14.7001,76,67.2001,0,24.8,49.9,70,48,0,Mountain,Thinker,-3,-0.08,0.2,1,1,0
21,48,16,19,100,29.9,85,60.2001,0,34.6,50,54.7392,26,1,Plains,Explorer,1.6,0.018,0.04,1,-1,0
22,48,12,16,100,98.9,94.5,47.2001,0,11.1,50,50,11,1,Forest,Warrior,2.1,0,0,1,-1,0
23,48,15,18,100,10.9,94.5,80.4049,10.92,31.1,50,50,11,1,Plains,Explorer,25.6,0.008,0.04,1,-1,0
1,49,7,16,10,0,75.5,47.1001,0,14.9,49.9,50,49,0,Forest,Warrior,2,0,0,1,-1,0
2,49,18,0,100,15.8,73.5,50.1001,0,16.9,52.9,50,49,0,Mountain,Warrior,11,0.09,0,1,1,0
3,49,13,13,100,21.2,75.5,47.1001,1.7,14.9,49.9,50,49,0,Forest,Warrior,12,0,0,1,1,0
4,49,1,14,10,0,73.5,47.1001,0,16.9,49.9,60,49,0,Forest,Builder,2,0,0,1,-1,0
5,49,1,0,100,0.300025,75.5,49.1001,0,14.9,51.9,50,49,0,Mountain,Warrior,8,0.08,0.2,1,-1,0
6,49,4,16,20,0,75.5,47.1001,0,14.9,52.9,55,49,0,Forest,Prophet,-3,-0.05,0,1,-1,0
7,49,4,17,65,0,75.5,69.1001,0,14.9,47.9,50,49,0,Forest,Warrior,-3,-0.05,0,1,-1,0
9,49,19,0,100,23.3001,75.5,50.1001,0,14.9,57.9,55,49,0,Mountain,Prophet,11,0.09,0,1,1,0
11,49,14,16,70,0,75.5,67.1001,0,14.9,57.9,50,49,0,Plains,Warrior,33,0.24,0,1,-1,0
12,49,15,14,50,0,73.5,71.6001,0,16.9,54.9,55,49,0,Forest,Prophet,4,0,0,1,1,0
15,49,15,18,45,3.95001,90.5,103,1.75,14.9,49.9,50,49,0,Plains,Warrior,36,0.04,0.4,1,-1,0
18,49,15,17,100,85.6001,75.5,68.1001,0,14.9,54.9,55,49,0,Plains,Prophet,7,0,0,1,-1,0
20,49,16,0,100,13.6001,75.5,67.1001,0,24.9,49.9,70,49,0,Mountain,Thinker,-3,-0.08,0.2,1,1,0
21,49,16,19,100,26.8,84.5,60.1001,0,34.7,50,54.7392,27,1,Plains,Explorer,1.6,0.018,0.04,1,-1,0
22,49,12,16,100,98.8,94,47.1001,0,11.2,50,50,12,1,Forest,Warrior,2.1,0,0,1,-1,0
23,49,15,18,100,3.85001,94,83.3049,11.87,31.2,50,50,12,1,Plains,Explorer,27.6,0.008,0.04,1,-1,0
1,50,7,16,5,0,75,47.0001,0,15,49.9,50,50,0,Forest,Warrior,2,0,0,1,-1,0
2,50,18,0,100,14.5,73,50.0001,0,17,52.9,50,50,0,Mountain,Warrior,11,0.09,0,1,1,0
3,50,13,13,100,21.1,75,47.0001,1.65,15,49.9,50,50,0,Forest,Warrior,12,0,0,1,1,0
4,50,1,14,5,0,73,47.0001,0,17,49.9,60,50,0,Forest,Builder,2,0,0,1,-1,0
5,50,1,0,100,0.200025,75,49.0001,0,15,51.9,50,50,0,Mountain,Warrior,8,0.08,0.2,1,-1,0
6,50,4,16,15,0,75,47.0001,0,15,52.9,55,50,0,Forest,Prophet,-3,-0.05,0,1,-1,0
7,50,4,17,60,0,75,69.5001,0,15,47.9,50,50,0,Forest,Warrior,-3,-0.05,0,1,-1,0
9,50,19,0,100,22.0001,75,50.0001,0,15,57.9,55,50,0,Mountain,Prophet,11,0.09,0,1,1,0
11,50,14,16,65,0,75,68.0001,0,15,58.9,50,50,0,Plains,Warrior,36,0.27,0,1,-1,0
12,50,15,14,45,0,73,72.0001,0,17,54.9,55,50,0,Forest,Prophet,4,0,0,1,1,0
15,50,15,18,40,0.425003,90,103,1.7,15,49.9,50,50,0,Plains,Warrior,38,0.04,0.4,1,-1,0
18,50,15,17,100,85.5001,75,68.0001,0,15,54.9,55,50,0,Plains,Prophet,7,0,0,1,-1,0
20,50,16,0,100,12.3001,75,67.0001,0,25,49.9,70,50,0,Mountain,Thinker,-3,-0.08,0.2,1,1,0
21,50,16,19,100,23.7,84,60.0001,0,34.8,50,54.7392,28,1,Plains,Explorer,1.6,0.018,0.04,1,-1,0
22,50,12,16,100,98.7,93.5,47.0001,0,11.3,50,50,13,1,Forest,Warrior,2.1,0,0,1,-1,0
23,50,15,18,100,0.325003,93.5,86.2049,12.82,31.3,50,50,13,1,Plains,Explorer,29.6,0.008,0.04,1,-1,0
2,51,18,0,100,13.2,72.5,49.9001,0,17.1,52.9,50,51,0,Mountain,Warrior,11,0.09,0,1,1,0
3,51,13,13,100,21,74.5,46.9001,1.6,15.1,49.9,50,51,0,Forest,Warrior,12,0,0,1,1,0
5,51,1,0,100,0.100025,74.5,48.9001,0,15.1,51.9,50,51,0,Mountain,Warrior,8,0.08,0.2,1,-1,0
6,51,4,16,10,0,74.5,46.9001,0,15.1,52.9,55,51,0,Forest,Prophet,-3,-0.05,0,1,-1,0
7,51,4,17,55,0,74.5,69.9001,0,15.1,47.9,50,51,0,Forest,Warrior,-3,-0.05,0,1,-1,0
9,51,19,0,100,20.7001,74.5,49.9001,0,15.1,57.9,55,51,0,Mountain,Prophet,11,0.09,0,1,1,0
11,51,14,16,60,0,74.5,68.9001,0,15.1,59.9,50,51,0,Plains,Warrior,39,0.3,0,1,-1,0
12,51,15,14,40,0,72.5,72.4001,0,17.1,54.9,55,51,0,Forest,Prophet,4,0,0,1,1,0
15,51,15,18,35,-1.3375,89.5,103,1.65,15.1,49.9,50,51,0,Plains,Warrior,40,0.04,0.4,1,-1,0
18,51,15,17,100,85.4001,74.5,67.9001,0,15.1,54.9,55,51,0,Plains,Prophet,7,0,0,1,-1,0
20,51,16,0,100,11.0001,74.5,66.9001,0,25.1,49.9,70,51,0,Mountain,Thinker,-3,-0.08,0.2,1,1,0
21,51,16,19,100,20.6,83.5,59.9001,0,34.9,50,54.7392,29,1,Plains,Explorer,1.6,0.018,0.04,1,-1,0
22,51,12,16,100,98.6,93,46.9001,0,11.4,50,50,14,1,Forest,Warrior,2.1,0,0,1,-1,0
23,51,15,18,95,0,93,89.1049,13.77,31.4,50,50,14,1,Plains,Explorer,31.6,0.008,0.04,1,-1,0
2,52,18,0,100,11.9,72,49.8001,0,17.2,52.9,50,52,0,Mountain,Warrior,11,0.09,0,1,1,0
3,52,13,13,100,20.9,74,46.8001,1.55,15.2,49.9,50,52,0,Forest,Warrior,12,0,0,1,1,0
5,52,1,0,100,2.46927e-05,74,48.8001,0,15.2,51.9,50,52,0,Mountain,Warrior,8,0.08,0.2,1,-1,0
6,52,4,16,5,0,74,46.8001,0,15.2,52.9,55,52,0,Forest,Prophet,-3,-0.05,0,1,-1,0
7,52,4,17,50,0,74,70.3001,0,15.2,47.9,50,52,0,Forest,Warrior,-3,-0.05,0,1,-1,0
9,52,19,0,100,19.4001,74,49.8001,0,15.2,57.9,55,52,0,Mountain,Prophet,11,0.09,0,1,1,0
11,52,14,16,55,0,74,69.8001,0,15.2,60.9,50,52,0,Plains,Warrior,42,0.33,0,1,-1,0
12,52,15,14,35,0,72,72.8001,0,17.2,54.9,55,52,0,Forest,Prophet,4,0,0,1,1,0
15,52,15,18,30,-1.5,89,103,1.6,15.2,49.9,50,52,0,Plains,Warrior,42,0.04,0.4,1,-1,0
18,52,15,17,100,85.3001,74,67.8001,0,15.2,54.9,55,52,0,Plains,Prophet,7,0,0,1,-1,0
20,52,16,0,100,9.90006,74,66.8001,0,25.2,49.9,70,52,0,Mountain,Thinker,-3,-0.06,0.4,1,1,0
21,52,16,19,100,17.5,83,59.8001,0,35,50,54.7392,30,1,Plains,Explorer,1.6,0.018,0.04,1,-1,0
22,52,12,16,100,98.5,92.5,46.8001,0,11.5,50,50,15,1,Forest,Warrior,2.1,0,0,1,-1,0
23,52,15,18,90,0,92.5,92.0049,14.72,31.5,50,50,15,1,Plains,Explorer,33.6,0.008,0.04,1,-1,0
2,53,18,0,100,10.6,71.5,49.7001,0,17.3,52.9,50,53,0,Mountain,Warrior,11,0.09,0,1,1,0
3,53,13,13,100,20.8,73.5,46.7001,1.5,15.3,49.9,50,53,0,Forest,Warrior,12,0,0,1,1,0
5,53,1,0,95,0,73.5,48.7001,0,15.3,51.9,50,53,0,Mountain,Warrior,8,0.08,0.2,1,-1,0
7,53,4,17,45,0,73.5,70.7001,0,15.3,47.9,50,53,0,Forest,Warrior,-3,-0.05,0,1,-1,0
9,53,19,0,100,18.1001,73.5,49.7001,0,15.3,57.9,55,53,0,Mountain,Prophet,11,0.09,0,1,1,0
11,53,14,16,50,0,73.5,69.7001,0,15.3,58.9,50,53,0,Plains,Warrior,37,0.28,0,1,-1,0
12,53,15,14,30,0,71.5,73.2001,0,17.3,54.9,55,53,0,Forest,Prophet,4,0,0,1,1,0
15,53,15,18,25,-1.5,86.5,103,1.55,17.3,49.9,50,53,0,Plains,Warrior,42,0.04,0.4,1,-1,0
18,53,15,17,100,80.2001,73.5,67.7001,0,15.3,54.9,55,53,0,Plains,Prophet,7,0,0,1,-1,0
20,53,16,0,100,8.60006,73.5,66.7001,0,25.3,49.9,70,53,0,Mountain,Thinker,-3,-0.06,0.4,1,1,0
21,53,16,19,100,14.4,82.5,59.7001,0,35.1,50,54.7392,31,1,Plains,Explorer,1.6,0.018,0.04,1,-1,0
22,53,12,16,100,98.4,92,46.7001,0,11.6,50,50,16,1,Forest,Warrior,2.1,0,0,1,-1,0
23,53,15,18,85,0,92,94.9049,15.67,31.6,50,50,16,1,Plains,Explorer,35.6,0.008,0.04,1,-1,0
2,54,18,0,100,9.30005,71,49.6001,0,17.4,52.9,50,54,0,Mountain,Warrior,11,0.09,0,1,1,0
3,54,13,13,100,20.7,73,46.6001,1.45,15.4,49.9,50,54,0,Forest,Warrior,12,0,0,1,1,0
5,54,1,0,90,0,73,48.6001,0,15.4,51.9,50,54,0,Mountain,Warrior,8,0.08,0.2,1,-1,0
7,54,4,17,40,0,73,71.1001,0,15.4,47.9,50,54,0,Forest,Warrior,-3,-0.05,0,1,-1,0
9,54,19,0,100,16.8001,73,49.6001,0,15.4,57.9,55,54,0,Mountain,Prophet,11,0.09,0,1,1,0
11,54,14,16,45,0,73,70.6001,0,15.4,59.9,50,54,0,Plains,Warrior,40,0.31,0,1,-1,0
12,54,15,14,25,0,71,73.6001,0,17.4,54.9,55,54,0,Forest,Prophet,4,0,0,1,1,0
15,54,15,18,20,-1.5,86,103,1.5,17.4,49.9,50,54,0,Plains,Warrior,44,0.04,0.4,1,-1,0
18,54,15,17,100,77.1001,73,67.6001,0,15.4,54.9,55,54,0,Plains,Prophet,7,0,0,1,-1,0
20,54,16,0,100,7.30006,73,66.6001,0,25.4,49.9,70,54,0,Mountain,Thinker,-3,-0.06,0.4,1,1,0
21,54,16,19,100,11.3,82,59.6001,0,35.2,50,54.7392,32,1,Plains,Explorer,1.6,0.018,0.04,1,-1,0
22,54,12,16,100,98.3,91.5,46.6001,0,11.7,50,50,17,1,Forest,Warrior,2.1,0,0,1,-1,0
23,54,15,18,80,0,91.5,97.8049,16.62,31.7,50,50,17,1,Plains,Explorer,37.6,0.008,0.04,1,-1,0
2,55,18,0,100,8.00005,70.5,49.5001,0,17.5,52.9,50,55,0,Mountain,Warrior,11,0.09,0,1,1,0
3,55,13,13,100,20.6,72.5,46.5001,1.4,15.5,49.9,50,55,0,Forest,Warrior,12,0,0,1,1,0
5,55,1,0,85,0,72.5,48.5001,0,15.5,51.9,50,55,0,Mountain,Warrior,8,0.08,0.2,1,-1,0
7,55,4,17,35,0,72.5,71.5001,0,15.5,47.9,50,55,0,Forest,Warrior,-3,-0.05,0,1,-1,0
9,55,19,0,100,15.5001,72.5,49.5001,0,15.5,57.9,55,55,0,Mountain,Prophet,11,0.09,0,1,1,0
11,55,14,16,40,0,72.5,71.5001,0,15.5,60.9,50,55,0,Plains,Warrior,43,0.34,0,1,-1,0
12,55,15,14,20,0,70.5,74.0001,0,17.5,54.9,55,55,0,Forest,Prophet,4,0,0,1,1,0
15,55,15,18,15,-1.5,85.5,103,1.45,17.5,49.9,50,55,0,Plains,Warrior,46,0.04,0.4,1,-1,0
18,55,15,17,100,74.0001,72.5,67.5001,0,15.5,54.9,55,55,0,Plains,Prophet,7,0,0,1,-1,0
20,55,16,0,100,6.00006,72.5,66.5001,0,25.5,49.9,70,55,0,Mountain,Thinker,-3,-0.06,0.4,1,1,0
21,55,16,19,100,8.20003,81.5,59.5001,0,35.3,50,54.7392,33,1,Plains,Explorer,1.6,0.018,0.04,1,-1,0
22,55,12,16,100,98.2,91,46.5001,0,11.8,50,50,18,1,Forest,Warrior,2.1,0,0,1,-1,0
23,55,15,18,75,0,91,100,17.57,31.8,50,50,18,1,Plains,Explorer,39.6,0.008,0.04,1,-1,0
2,56,18,0,100,6.70005,70,49.4001,0,17.6,52.9,50,56,0,Mountain,Warrior,11,0.09,0,1,1,0
3,56,13,13,100,20.5,72,46.4001,1.35,15.6,49.9,50,56,0,Forest,Warrior,12,0,0,1,1,0
5,56,1,0,80,0,72,48.4001,0,15.6,51.9,50,56,0,Mountain,Warrior,8,0.08,0.2,1,-1,0
7,56,4,17,30,0,72,71.9001,0,15.6,47.9,50,56,0,Forest,Warrior,-3,-0.05,0,1,-1,0
9,56,19,0,100,14.2001,72,49.4001,0,15.6,57.9,55,56,0,Mountain,Prophet,11,0.09,0,1,1,0
11,56,14,16,35,0,72,72.4001,0,15.6,61.9,50,56,0,Plains,Warrior,46,0.37,0,1,-1,0
12,56,15,14,15,0,70,74.4001,0,17.6,54.9,55,56,0,Forest,Prophet,4,0,0,1,1,0
15,56,15,18,10,-1.5,85,103,1.4,17.6,49.9,50,56,0,Plains,Warrior,48,0.04,0.4,1,-1,0
18,56,15,17,100,63.9001,72,69.4001,0,15.6,54.9,55,56,0,Plains,Prophet,9,0,0,1,-1,0
20,56,16,0,100,4.70006,72,66.4001,0,25.6,49.9,70,56,0,Mountain,Thinker,-3,-0.06,0.4,1,1,0
21,56,16,19,100,5.10003,81,59.4001,0,35.4,50,54.7392,34,1,Plains,Explorer,1.6,0.018,0.04,1,-1,0
22,56,12,16,100,98.1,90.5,46.4001,0,11.9,50,50,19,1,Forest,Warrior,2.1,0,0,1,-1,0
23,56,15,18,70,0,90.5,100,18.52,31.9,50,50,19,1,Plains,Explorer,41.6,0.008,0.04,1,-1,0
2,57,18,0,100,4.90005,69.5,49.3001,0,17.7,52.8,50,57,0,Mountain,Warrior,11,0.09,0,1,1,0
3,57,13,13,100,19.9,71.5,46.3001,1.3,15.7,49.8,50,57,0,Forest,Warrior,12,0,0,1,1,0
5,57,1,0,75,0,71.5,48.3001,0,15.7,51.8,50,57,0,Mountain,Warrior,8,0.08,0.2,1,-1,0
7,57,4,17,25,0,71.5,72.3001,0,15.7,47.8,50,57,0,Forest,Warrior,-3,-0.05,0,1,-1,0
9,57,19,0,100,12.4001,71.5,49.3001,0,15.7,57.8,55,57,0,Mountain,Prophet,11,0.09,0,1,1,0
11,57,14,16,30,0,71.5,73.3001,0,15.7,62.9,50,57,0,Plains,Warrior,49,0.4,0,1,-1,0
12,57,15,14,10,0,69.5,74.8001,0,17.7,54.9,55,57,0,Forest,Prophet,4,0,0,1,1,0
15,57,15,18,5,-1.5,84.5,103,1.35,17.7,49.9,50,57,0,Plains,Warrior,50,0.04,0.4,1,-1,0
18,57,15,17,100,63.8001,71.5,69.3001,0,15.7,54.9,55,57,0,Plains,Prophet,9,0,0,1,-1,0
20,57,16,0,100,2.90006,71.5,66.3001,0,25.7,49.8,70,57,0,Mountain,Thinker,-3,-0.06,0.4,1,1,0
21,57,16,19,100,2.00003,80.5,59.3001,0,35.5,50,54.7392,35,1,Plains,Explorer,1.6,0.018,0.04,1,-1,0
22,57,12,16,100,98,90,46.3001,0,12,50,50,20,1,Forest,Warrior,2.1,0,0,1,-1,0
23,57,15,18,65,0,90,100,19.47,32,50,50,20,1,Plains,Explorer,43.6,0.008,0.04,1,-1,0
2,58,18,0,95,0,69,51.2001,0,17.8,52.8,50,58,0,Mountain,Warrior,13,0.09,0,1,1,0
3,58,13,13,100,9.80005,71,48.2001,1.25,15.8,49.8,50,58,0,Forest,Warrior,14,0,0,1,1,0
5,58,1,0,70,0,71,50.2001,0,15.8,51.8,50,58,0,Mountain,Warrior,10,0.08,0.2,1,-1,0
7,58,4,17,20,0,71,74.2001,0,15.8,47.8,50,58,0,Forest,Warrior,-1,-0.05,0,1,-1,0
9,58,19,0,100,2.30008,71,51.2001,0,15.8,57.8,55,58,0,Mountain,Prophet,13,0.09,0,1,1,0
11,58,14,16,25,0,71,74.2001,0,15.8,63.8,50,58,0,Plains,Warrior,52,0.43,0,1,-1,0
12,58,15,14,5,0,69,75.2001,0,17.8,54.9,55,58,0,Forest,Prophet,4,0,0,1,1,0
18,58,15,16,100,63.1001,71,69.2001,0,15.8,54.9,55,58,0,Plains,Prophet,9,0,0,1,-1,0
20,58,16,0,95,0,71,68.2001,0,25.8,49.8,70,58,0,Mountain,Thinker,-1,-0.06,0.4,1,1,0
21,58,16,19,100,0.400033,80,59.2001,0,35.6,49.9,54.7392,36,1,Plains,Explorer,1.6,0.038,0.24,1,-1,0
22,58,12,16,100,97.9,89.5,46.2001,0,12.1,50,50,21,1,Forest,Warrior,2.1,0,0,1,-1,0
23,58,15,18,60,0,89.5,99.9,19.42,32.1,50,50,21,1,Plains,Explorer,43.6,0.008,0.04,1,-1,0
2,59,18,0,90,0,68.5,51.1001,0,17.9,52.8,50,59,0,Mountain,Warrior,13,0.09,0,1,1,0
3,59,13,13,100,9.70004,70.5,48.1001,1.2,15.9,49.8,50,59,0,Forest,Warrior,14,0,0,1,1,0
5,59,1,0,65,0,68.5,50.1001,0,17.9,51.8,50,59,0,Mountain,Warrior,10,0.08,0.2,1,-1,0
7,59,4,17,15,0,70.5,74.6001,0,15.9,47.8,50,59,0,Forest,Warrior,-1,-0.05,0,1,-1,0
9,59,19,0,100,2.20008,70.5,51.1001,0,15.9,57.8,55,59,0,Mountain,Prophet,13,0.09,0,1,1,0
11,59,14,16,20,0,70.5,76.1001,0,15.9,63.8,50,59,0,Plains,Warrior,54,0.43,0,1,-1,0
18,59,15,15,100,62.4001,70.5,69.1001,0,15.9,54.9,55,59,0,Forest,Prophet,9,0,0,1,-1,0
20,59,16,0,90,0,70.5,68.1001,0,25.9,49.8,70,59,0,Mountain,Thinker,-1,-0.06,0.4,1,1,0
21,59,16,19,95,0,79.5,61.1001,0,35.7,49.9,54.7392,37,1,Plains,Explorer,3.6,0.038,0.24,1,-1,0
22,59,12,16,100,97.8,89,46.1001,0,12.2,50,50,22,1,Forest,Warrior,2.1,0,0,1,-1,0
23,59,15,18,55,0,89,99.8,19.37,32.2,50,50,22,1,Plains,Explorer,43.6,0.008,0.04,1,-1,0
2,60,18,0,85,0,68,51.0001,0,18,52.8,50,60,0,Mountain,Warrior,13,0.09,0,1,1,0
3,60,13,13,100,9.60004,70,48.0001,1.15,16,49.8,50,60,0,Forest,Warrior,14,0,0,1,1,0
5,60,1,0,60,0,68,50.0001,0,18,51.8,50,60,0,Mountain,Warrior,10,0.08,0.2,1,-1,0
7,60,4,17,10,0,70,75.0001,0,16,47.8,50,60,0,Forest,Warrior,-1,-0.05,0,1,-1,0
9,60,19,0,100,1.10008,70,51.0001,0,16,57.8,55,60,0,Mountain,Prophet,13,0.09,0,1,1,0
11,60,14,16,15,0,70,78.0001,0,16,63.8,50,60,0,Plains,Warrior,56,0.43,0,1,-1,0
18,60,15,14,100,61.8001,70,69.0001,0,16,54.9,55,60,0,Forest,Prophet,9,0,0,1,-1,0
20,60,16,0,85,0,70,68.0001,0,26,49.8,70,60,0,Mountain,Thinker,-1,-0.06,0.4,1,1,0
21,60,16,19,90,0,79,61.0001,0,35.8,49.9,54.7392,38,1,Plains,Explorer,3.6,0.038,0.24,1,-1,0
22,60,12,16,100,97.7,88.5,46.0001,0,12.3,50,50,23,1,Forest,Warrior,2.1,0,0,1,-1,0
23,60,15,18,50,0,88.5,99.7,19.32,32.3,50,50,23,1,Plains,Explorer,43.6,0.008,0.04,1,-1,0
2,61,18,0,80,0,67.5,50.9001,0,18.1,52.8,50,61,0,Mountain,Warrior,13,0.09,0,1,1,0
3,61,13,13,100,9.50004,69.5,47.9001,1.1,16.1,49.8,50,61,0,Forest,Warrior,14,0,0,1,1,0
5,61,1,0,55,0,67.5,49.9001,0,18.1,51.8,50,61,0,Mountain,Warrior,10,0.08,0.2,1,-1,0
7,61,4,17,5,0,69.5,75.4001,0,16.1,47.8,50,61,0,Forest,Warrior,-1,-0.05,0,1,-1,0
9,61,19,0,100,1.00008,69.5,50.9001,0,16.1,57.8,55,61,0,Mountain,Prophet,13,0.09,0,1,1,0
11,61,14,16,10,0,69.5,78.9001,0,16.1,64.8,50,61,0,Plains,Warrior,59,0.46,0,1,-1,0
18,61,15,13,100,61.2001,69.5,68.9001,0,16.1,54.9,55,61,0,Forest,Prophet,9,0,0,1,-1,0
20,61,16,0,80,0,69.5,67.9001,0,26.1,49.8,70,61,0,Mountain,Thinker,-1,-0.06,0.4,1,1,0
21,61,16,19,85,0,78.5,60.9001,0,35.9,49.9,54.7392,39,1,Plains,Explorer,3.6,0.038,0.24,1,-1,0
22,61,12,16,100,97.6,88,45.9001,0,12.4,50,50,24,1,Forest,Warrior,2.1,0,0,1,-1,0
23,61,15,18,45,0,88,99.6,19.27,32.4,50,50,24,1,Plains,Explorer,43.6,0.008,0.04,1,-1,0
2,62,18,0,75,0,67,50.8001,0,18.2,52.8,50,62,0,Mountain,Warrior,13,0.09,0,1,1,0
3,62,13,13,100,9.40004,69,47.8001,1.05,16.2,49.8,50,62,0,Forest,Warrior,14,0,0,1,1,0
5,62,1,0,50,0,67,49.8001,0,18.2,51.8,50,62,0,Mountain,Warrior,10,0.08,0.2,1,-1,0
9,62,19,0,100,0.900077,69,50.8001,0,16.2,57.8,55,62,0,Mountain,Prophet,13,0.09,0,1,1,0
11,62,14,16,5,0,69,78.8001,0,16.2,64.8,50,62,0,Plains,Warrior,59,0.46,0,1,-1,0
18,62,15,12,100,60.6001,69,68.8001,0,16.2,54.9,55,62,0,Forest,Prophet,9,0,0,1,-1,0
20,62,16,0,75,0,69,67.8001,0,26.2,49.8,70,62,0,Mountain,Thinker,-1,-0.06,0.4,1,1,0
21,62,16,19,80,0,78,60.8001,0,36,49.9,54.7392,40,1,Plains,Explorer,3.6,0.038,0.24,1,-1,0
22,62,12,16,100,97.5,87.5,45.8001,0,12.5,50,50,25,1,Forest,Warrior,2.1,0,0,1,-1,0
23,62,15,18,40,0,87.5,99.5,19.22,32.5,50,50,25,1,Plains,Explorer,43.6,0.008,0.04,1,-1,0
2,63,18,0,70,0,66.5,50.7001,0,18.3,52.8,50,63,0,Mountain,Warrior,13,0.09,0,1,1,0
3,63,13,13,100,9.30004,68.5,47.7001,1,16.3,49.8,50,63,0,Forest,Warrior,14,0,0,1,1,0
5,63,1,0,45,0,66.5,49.7001,0,18.3,51.8,50,63,0,Mountain,Warrior,10,0.08,0.2,1,-1,0
9,63,19,0,100,0.800077,68.5,50.7001,0,16.3,57.8,55,63,0,Mountain,Prophet,13,0.09,0,1,1,0
18,63,15,12,100,55.5001,68.5,68.7001,0,16.3,54.9,55,63,0,Forest,Prophet,9,0,0,1,-1,0
20,63,16,0,70,0,68.5,67.7001,0,26.3,49.8,70,63,0,Mountain,Thinker,-1,-0.06,0.4,1,1,0
21,63,16,19,75,0,77.5,60.7001,0,36.1,49.9,54.7392,41,1,Plains,Explorer,3.6,0.038,0.24,1,-1,0
22,63,12,16,100,97.4,87,45.7001,0,12.6,50,50,26,1,Forest,Warrior,2.1,0,0,1,-1,0
23,63,15,18,35,0,87,99.4,19.17,32.6,50,50,26,1,Plains,Explorer,43.6,0.008,0.04,1,-1,0
2,64,18,0,65,0,66,50.6001,0,18.4,52.8,50,64,0,Mountain,Warrior,13,0.09,0,1,1,0
3,64,13,13,100,9.20004,68,47.6001,0.950003,16.4,49.8,50,64,0,Forest,Warrior,14,0,0,1,1,0
5,64,1,0,40,0,66,49.6001,0,18.4,51.8,50,64,0,Mountain,Warrior,10,0.08,0.2,1,-1,0
9,64,19,0,100,0.700077,68,50.6001,0,16.4,57.8,55,64,0,Mountain,Prophet,13,0.09,0,1,1,0
18,64,15,11,100,54.4001,68,68.6001,0,16.4,54.9,55,64,0,Mountain,Prophet,9,0,0,1,-1,0
20,64,16,0,65,0,68,67.6001,0,26.4,49.8,70,64,0,Mountain,Thinker,-1,-0.06,0.4,1,1,0
21,64,16,19,70,0,77,60.6001,0,36.2,49.9,54.7392,42,1,Plains,Explorer,3.6,0.038,0.24,1,-1,0
22,64,12,16,100,97.3,86.5,45.6001,0,12.7,50,50,27,1,Forest,Warrior,2.1,0,0,1,-1,0
23,64,15,18,30,0,86.5,99.3,19.12,32.7,50,50,27,1,Plains,Explorer,43.6,0.008,0.04,1,-1,0
2,65,18,0,60,0,65.5,50.5001,0,18.5,52.8,50,65,0,Mountain,Warrior,13,0.09,0,1,1,0
3,65,13,13,100,9.10004,67.5,47.5001,0.900003,16.5,49.8,50,65,0,Forest,Warrior,14,0,0,1,1,0
5,65,1,0,35,0,65.5,49.5001,0,18.5,51.8,50,65,0,Mountain,Warrior,10,0.08,0.2,1,-1,0
9,65,19,0,100,0.600077,67.5,50.5001,0,16.5,57.8,55,65,0,Mountain,Prophet,13,0.09,0,1,1,0
18,65,15,10,100,53.3001,67.5,68.5001,0,16.5,54.9,55,65,0,Mountain,Prophet,9,0,0,1,-1,0
20,65,16,0,60,0,67.5,67.5001,0,26.5,49.8,70,65,0,Mountain,Thinker,-1,-0.06,0.4,1,1,0
21,65,16,19,65,0,76.5,60.5001,0,36.3,49.9,54.7392,43,1,Plains,Explorer,3.6,0.038,0.24,1,-1,0
22,65,12,16,100,97.2,86,45.5001,0,12.8,50,50,28,1,Forest,Warrior,2.1,0,0,1,-1,0
23,65,15,18,25,0,86,99.2,19.07,32.8,50,50,28,1,Plains,Explorer,43.6,0.008,0.04,1,-1,0
2,66,18,0,55,0,65,50.4001,0,18.6,52.8,50,66,0,Mountain,Warrior,13,0.09,0,1,1,0
3,66,13,13,100,9.00004,67,47.4001,0.850003,16.6,49.8,50,66,0,Forest,Warrior,14,0,0,1,1,0
5,66,1,0,30,0,65,49.4001,0,18.6,51.8,50,66,0,Mountain,Warrior,10,0.08,0.2,1,-1,0
9,66,19,0,100,0.500077,67,50.4001,0,16.6,57.8,55,66,0,Mountain,Prophet,13,0.09,0,1,1,0
18,66,15,9,100,52.2001,67,68.4001,0,16.6,54.9,55,66,0,Mountain,Prophet,9,0,0,1,-1,0
20,66,16,0,55,0,67,67.4001,0,26.6,49.8,70,66,0,Mountain,Thinker,-1,-0.06,0.4,1,1,0
21,66,16,19,60,0,76,60.4001,0,36.4,49.9,54.7392,44,1,Plains,Explorer,3.6,0.038,0.24,1,-1,0
22,66,12,16,100,97.1,85.5,45.4001,0,12.9,50,50,29,1,Forest,Warrior,2.1,0,0,1,-1,0
23,66,15,18,20,0,85.5,99.1,19.02,32.9,50,50,29,1,Plains,Explorer,43.6,0.008,0.04,1,-1,0
2,67,18,0,50,0,64.5,50.3001,0,18.7,52.8,50,67,0,Mountain,Warrior,13,0.09,0,1,1,0
3,67,13,13,100,8.90004,66.5,47.3001,0.800003,16.7,49.8,50,67,0,Forest,Warrior,14,0,0,1,1,0
5,67,1,0,25,0,64.5,49.3001,0,18.7,51.8,50,67,0,Mountain,Warrior,10,0.08,0.2,1,-1,0
9,67,19,0,100,0.400077,66.5,50.3001,0,16.7,57.8,55,67,0,Mountain,Prophet,13,0.09,0,1,1,0
18,67,15,8,100,51.1001,66.5,68.3001,0,16.7,54.9,55,67,0,Mountain,Prophet,9,0,0,1,-1,0
20,67,16,0,50,0,66.5,67.3001,0,26.7,49.8,70,67,0,Mountain,Thinker,-1,-0.06,0.4,1,1,0
21,67,16,19,55,0,75.5,60.3001,0,36.5,49.9,54.7392,45,1,Plains,Explorer,3.6,0.038,0.24,1,-1,0
22,67,12,16,100,97,85,45.3001,0,13,50,50,30,1,Forest,Warrior,2.1,0,0,1,-1,0
23,67,15,18,15,0,85,99,18.97,33,50,50,30,1,Plains,Explorer,43.6,0.008,0.04,1,-1,0
2,68,18,0,45,0,64,50.2001,0,18.8,52.8,50,68,0,Mountain,Warrior,13,0.09,0,1,1,0
3,68,13,13,100,8.80004,66,47.2001,0.750003,16.8,49.8,50,68,0,Forest,Warrior,14,0,0,1,1,0
5,68,1,0,20,0,64,49.2001,0,18.8,51.8,50,68,0,Mountain,Warrior,10,0.08,0.2,1,-1,0
9,68,19,0,100,0.300077,66,50.2001,0,16.8,57.8,55,68,0,Mountain,Prophet,13,0.09,0,1,1,0
18,68,15,7,100,50.0001,66,68.2001,0,16.8,54.9,55,68,0,Mountain,Prophet,9,0,0,1,-1,0
20,68,16,0,45,0,66,67.2001,0,26.8,49.8,70,68,0,Mountain,Thinker,-1,-0.06,0.4,1,1,0
21,68,16,19,50,0,75,60.2001,0,36.6,49.9,54.7392,46,1,Plains,Explorer,3.6,0.038,0.24,1,-1,0
22,68,12,16,100,96.9,84.5,45.2001,0,13.1,50,50,31,1,Forest,Warrior,2.1,0,0,1,-1,0
23,68,15,18,10,0,84.5,98.9,18.92,33.1,50,50,31,1,Plains,Explorer,43.6,0.008,0.04,1,-1,0
2,69,18,0,40,0,63.5,50.1001,0,18.9,52.8,50,69,0,Mountain,Warrior,13,0.09,0,1,1,0
3,69,13,13,100,8.70004,65.5,47.1001,0.700003,16.9,49.8,50,69,0,Forest,Warrior,14,0,0,1,1,0
5,69,1,0,15,0,63.5,49.1001,0,18.9,51.8,50,69,0,Mountain,Warrior,10,0.08,0.2,1,-1,0
9,69,19,0,100,0.200077,65.5,50.1001,0,16.9,57.8,55,69,0,Mountain,Prophet,13,0.09,0,1,1,0
18,69,15,6,100,48.9001,65.5,68.1001,0,16.9,54.9,55,69,0,Mountain,Prophet,9,0,0,1,-1,0
20,69,16,0,40,0,65.5,67.1001,0,26.9,49.8,70,69,0,Mountain,Thinker,-1,-0.06,0.4,1,1,0
21,69,16,19,45,0,74.5,60.1001,0,36.7,49.9,54.7392,47,1,Plains,Explorer,3.6,0.038,0.24,1,-1,0
22,69,12,16,100,96.8,84,45.1001,0,13.2,50,50,32,1,Forest,Warrior,2.1,0,0,1,-1,0
23,69,15,18,5,0,84,98.8,18.87,33.2,50,50,32,1,Plains,Explorer,43.6,0.008,0.04,1,-1,0
2,70,18,0,35,0,63,50.0001,0,19,52.8,50,70,0,Mountain,Warrior,13,0.09,0,1,1,0
3,70,13,13,100,8.60004,65,47.0001,0.650003,17,49.8,50,70,0,Forest,Warrior,14,0,0,1,1,0
5,70,1,0,10,0,63,49.0001,0,19,51.8,50,70,0,Mountain,Warrior,10,0.08,0.2,1,-1,0
9,70,19,0,100,0.100077,65,50.0001,0,17,57.8,55,70,0,Mountain,Prophet,13,0.09,0,1,1,0
18,70,15,5,100,47.6001,65,68.0001,0,17,54.9,55,70,0,Mountain,Prophet,9,0,0,1,-1,0
20,70,16,0,35,0,65,67.0001,0,27,49.8,70,70,0,Mountain,Thinker,-1,-0.06,0.4,1,1,0
21,70,16,19,40,0,74,60.0001,0,36.8,49.9,54.7392,48,1,Plains,Explorer,3.6,0.038,0.24,1,-1,0
22,70,12,16,100,96.7001,83.5,45.0001,0,13.3,50,50,33,1,Forest,Warrior,2.1,0,0,1,-1,0
2,71,18,0,30,0,62.5,49.9001,0,19.1,52.8,50,71,0,Mountain,Warrior,13,0.09,0,1,1,0
3,71,13,13,100,8.50004,64.5,46.9001,0.600003,17.1,49.8,50,71,0,Forest,Warrior,14,0,0,1,1,0
5,71,1,0,5,0,62.5,48.9001,0,19.1,51.8,50,71,0,Mountain,Warrior,10,0.08,0.2,1,-1,0
9,71,19,0,100,7.69064e-05,64.5,49.9001,0,17.1,57.8,55,71,0,Mountain,Prophet,13,0.09,0,1,1,0
18,71,15,5,100,42.5001,64.5,68.9001,0,17.1,55.9,55,71,0,Mountain,Prophet,12,0.03,0,1,-1,0
20,71,16,0,30,0,64.5,66.9001,0,27.1,49.8,70,71,0,Mountain,Thinker,-1,-0.06,0.4,1,1,0
21,71,16,19,35,0,73.5,59.9001,0,36.9,49.9,54.7392,49,1,Plains,Explorer,3.6,0.038,0.24,1,-1,0
22,71,12,16,100,96.6001,83,44.9001,0,13.4,50,50,34,1,Forest,Warrior,2.1,0,0,1,-1,0
2,72,18,0,25,0,62,49.8001,0,19.2,52.8,50,72,0,Mountain,Warrior,13,0.09,0,1,1,0
3,72,13,13,100,8.40004,64,46.8001,0.550003,17.2,49.8,50,72,0,Forest,Warrior,14,0,0,1,1,0
9,72,19,0,95,0,64,49.8001,0,17.2,57.8,55,72,0,Mountain,Prophet,13,0.09,0,1,1,0
18,72,15,4,100,41.2001,64,68.8001,0,17.2,55.9,55,72,0,Mountain,Prophet,12,0.03,0,1,-1,0
20,72,16,0,25,0,64,66.8001,0,27.2,49.8,70,72,0,Mountain,Thinker,-1,-0.06,0.4,1,1,0
21,72,16,19,30,0,73,59.8001,0,37,49.9,54.7392,50,1,Plains,Explorer,3.6,0.038,0.24,1,-1,0
22,72,12,16,100,56.5001,82.5,56.8001,0,13.5,50,50,35,1,Forest,Warrior,4.1,0,0,1,-1,0
24,72,12,16,100,100,100,46.8001,0,5.17693,50,50,0,2,Forest,Warrior,1.23,0,0,1,-1,0
2,73,18,0,20,0,61.5,49.7001,0,19.3,52.8,50,73,0,Mountain,Warrior,13,0.09,0,1,1,0
3,73,13,13,100,8.30004,63.5,46.7001,0.500003,17.3,49.8,50,73,0,Forest,Warrior,14,0,0,1,1,0
9,73,19,0,90,0,63.5,49.7001,0,17.3,57.8,55,73,0,Mountain,Prophet,13,0.09,0,1,1,0
18,73,15,3,100,39.9001,63.5,68.7001,0,17.3,55.9,55,73,0,Mountain,Prophet,12,0.03,0,1,-1,0
20,73,16,0,20,0,63.5,66.7001,0,27.3,49.8,70,73,0,Mountain,Thinker,-1,-0.06,0.4,1,1,0
21,73,16,19,25,0,72.5,59.7001,0,37.1,49.9,54.7392,51,1,Plains,Explorer,3.6,0.038,0.24,1,-1,0
22,73,12,16,100,46.4001,82,58.7001,0,13.6,50,50,36,1,Forest,Warrior,6.1,0,0,1,-1,0
24,73,12,16,100,99.9,99.5,46.7001,0,5.27693,50,50,1,2,Forest,Warrior,1.23,0,0,1,-1,0
2,74,18,0,15,0,61,49.6001,0,19.4,52.8,50,74,0,Mountain,Warrior,13,0.09,0,1,1,0
3,74,13,13,100,8.20004,63,46.6001,0.450003,17.4,49.8,50,74,0,Forest,Warrior,14,0,0,1,1,0
9,74,19,0,90,9.9,63,49.6001,0,17.4,57.8,55,74,0,Mountain,Prophet,13,0.09,0,1,1,0
18,74,15,2,100,38.6001,63,68.6001,0,17.4,55.9,55,74,0,Mountain,Prophet,12,0.03,0,1,-1,0
20,74,16,0,15,0,63,66.6001,0,27.4,49.8,70,74,0,Mountain,Thinker,-1,-0.06,0.4,1,1,0
21,74,16,19,20,0,72,61.6001,0,37.2,49.9,54.7392,52,1,Plains,Explorer,5.6,0.038,0.24,1,-1,0
22,74,12,16,100,46.3001,81.5,58.6001,0,13.7,50,50,37,1,Forest,Warrior,6.1,0,0,1,-1,0
24,74,12,16,100,99.8,99,46.6001,0,5.37693,50,50,2,2,Forest,Warrior,1.23,0,0,1,-1,0
2,75,18,0,10,0,60.5,49.5001,0,19.5,52.8,50,75,0,Mountain,Warrior,13,0.09,0,1,1,0
3,75,13,13,100,8.10004,62.5,46.5001,0.400003,17.5,49.8,50,75,0,Forest,Warrior,14,0,0,1,1,0
9,75,19,0,90,8.6,62.5,49.5001,0,17.5,57.8,55,75,0,Mountain,Prophet,13,0.09,0,1,1,0
18,75,15,1,100,37.3001,62.5,68.5001,0,17.5,55.9,55,75,0,River,Prophet,12,0.03,0,1,-1,0
20,75,16,0,10,0,62.5,66.5001,0,27.5,49.8,70,75,0,Mountain,Thinker,-1,-0.06,0.4,1,1,0
21,75,16,19,15,0,71.5,61.5001,0,37.3,49.9,54.7392,53,1,Plains,Explorer,5.6,0.038,0.24,1,-1,0
22,75,13,16,100,45.6001,81,58.5001,0,13.8,50,50,38,1,Plains,Warrior,6.1,0,0,1,-1,0
24,75,12,16,100,99.7,98.5,46.5001,0,5.47693,50,50,3,2,Forest,Warrior,1.23,0,0,1,-1,0
2,76,18,0,5,0,60,49.4001,0,19.6,52.8,50,76,0,Mountain,Warrior,13,0.09,0,1,1,0
3,76,13,13,100,3.00004,62,47.4001,0.350003,17.6,50.8,50,76,0,Forest,Warrior,17,0.03,0,1,1,0
9,76,19,0,90,7.3,62,49.4001,0,17.6,57.8,55,76,0,Mountain,Prophet,13,0.09,0,1,1,0
18,76,15,0,100,35.5001,62,68.4001,0,17.6,55.8,55,76,0,Mountain,Prophet,12,0.03,0,1,-1,0
20,76,16,0,5,0,62,66.4001,0,27.6,49.8,70,76,0,Mountain,Thinker,-1,-0.06,0.4,1,1,0
21,76,16,19,10,0,71,61.4001,0,37.4,49.9,54.7392,54,1,Plains,Explorer,5.6,0.038,0.24,1,-1,0
22,76,14,16,100,44.9001,80.5,58.4001,0,13.9,50,50,39,1,Plains,Warrior,6.1,0,0,1,-1,0
24,76,12,16,100,99.6,98,46.4001,0,5.57693,50,50,4,2,Forest,Warrior,1.23,0,0,1,-1,0
3,77,13,13,95,0,61.5,48.3001,0.300003,17.7,51.8,50,77,0,Forest,Warrior,20,0.06,0,1,1,0
9,77,19,0,90,6,61.5,49.3001,0,17.7,57.8,55,77,0,Mountain,Prophet,13,0.09,0,1,1,0
18,77,15,0,100,25.4001,61.5,70.3001,0,17.7,55.8,55,77,0,Mountain,Prophet,14,0.03,0,1,-1,0
21,77,16,19,5,0,70.5,61.3001,0,37.5,49.9,54.7392,55,1,Plains,Explorer,5.6,0.038,0.24,1,-1,0
22,77,14,16,100,39.8001,80,59.3001,0,14,51,50,40,1,Plains,Warrior,9.1,0.03,0,1,-1,0
24,77,12,16,100,99.5,97.5,46.3001,0,5.67693,50,50,5,2,Forest,Warrior,1.23,0,0,1,-1,0
3,78,13,13,90,0,61,48.2001,0.250003,17.8,51.7,50,78,0,Forest,Warrior,20,0.06,0,1,1,0
9,78,19,0,90,4.2,61,49.2001,0,17.8,57.7,55,78,0,Mountain,Prophet,13,0.09,0,1,1,0
18,78,15,0,100,24.1001,61,70.2001,0,17.8,55.8,55,78,0,Mountain,Prophet,14,0.03,0,1,-1,0
22,78,14,16,100,34.7001,79.5,60.2001,0,14.1,52,50,41,1,Plains,Warrior,12.1,0.06,0,1,-1,0
24,78,12,16,100,99.4,97,46.2001,0,5.77693,50,50,6,2,Forest,Warrior,1.23,0,0,1,-1,0
3,79,13,13,85,0,60.5,50.1001,0.200003,17.9,51.7,50,79,0,Forest,Warrior,22,0.06,0,1,1,0
9,79,19,0,85,0,60.5,51.1001,0,17.9,57.7,55,79,0,Mountain,Prophet,15,0.09,0,1,1,0
18,79,15,0,100,22.8001,60.5,70.1001,0,17.9,55.8,55,79,0,Mountain,Prophet,14,0.03,0,1,-1,0
22,79,14,16,100,29.6001,79,61.1001,0,14.2,53,50,42,1,Plains,Warrior,15.1,0.09,0,1,-1,0
24,79,12,16,100,99.3,96.5,46.1001,0,5.87693,50,50,7,2,Forest,Warrior,1.23,0,0,1,-1,0
3,80,13,13,80,0,60,52.0001,0.150003,18,51.7,50,80,0,Forest,Warrior,24,0.06,0,1,1,0
9,80,19,0,80,0,60,51.0001,0,18,57.7,55,80,0,Mountain,Prophet,15,0.09,0,1,1,0
18,80,15,0,100,21.7001,60,70.0001,0,18,55.8,55,80,0,Mountain,Prophet,14,0.03,0,1,-1,0
22,80,14,16,100,24.5001,78.5,62.0001,0,14.3,54,50,43,1,Plains,Warrior,18.1,0.12,0,1,-1,0
24,80,12,16,100,99.2,96,46.0001,0,5.97693,50,50,8,2,Forest,Warrior,1.23,0,0,1,-1,0
3,81,13,13,74.5,0,59.5,52.4001,0.100003,18.1,51.7,50,81,0,Forest,Warrior,24,0.06,0,1,1,0
9,81,19,0,74.5,0,59.5,50.9001,0,18.1,57.7,55,81,0,Mountain,Prophet,15,0.09,0,1,1,0
18,81,15,0,99.5,20.6001,59.5,69.9001,0,18.1,55.8,55,81,0,Mountain,Prophet,14,0.03,0,1,-1,0
22,81,14,16,100,19.4001,78,62.9001,0,14.4,55,50,44,1,Plains,Warrior,21.1,0.15,0,1,-1,0
24,81,12,16,100,99.1,95.5,45.9001,0,6.07693,50,50,9,2,Forest,Warrior,1.23,0,0,1,-1,0
3,82,13,13,68.5,0,59,52.3001,0.0500027,18.2,51.7,50,82,0,Forest,Warrior,24,0.06,0,1,1,0
9,82,19,0,68.5,0,59,50.8001,0,18.2,57.7,55,82,0,Mountain,Prophet,15,0.09,0,1,1,0
18,82,15,0,98.5,19.5001,59,69.8001,0,18.2,55.8,55,82,0,Mountain,Prophet,14,0.03,0,1,-1,0
22,82,14,16,100,14.3001,77.5,63.8001,0,14.5,56,50,45,1,Plains,Warrior,24.1,0.18,0,1,-1,0
24,82,12,16,100,99,95,45.8001,0,6.17693,50,50,10,2,Forest,Warrior,1.23,0,0,1,-1,0
3,83,13,13,62,0,58.5,54.2001,2.6904e-06,18.3,51.7,50,83,0,Forest,Warrior,26,0.06,0,1,1,0
9,83,19,0,62,0,58.5,50.7001,0,18.3,57.7,55,83,0,Mountain,Prophet,15,0.09,0,1,1,0
18,83,15,0,97,18.4001,58.5,69.7001,0,18.3,55.8,55,83,0,Mountain,Prophet,14,0.03,0,1,-1,0
22,83,14,16,100,9.20006,77,64.7001,0,14.6,57,50,46,1,Plains,Warrior,27.1,0.21,0,1,-1,0
24,83,12,16,100,98.9,94.5,45.7001,0,6.27693,50,50,11,2,Forest,Warrior,1.23,0,0,1,-1,0
3,84,13,13,55,0,58,56.1001,0,18.4,51.7,50,84,0,Forest,Warrior,28,0.06,0,1,1,0
9,84,19,0,55,0,58,50.6001,0,18.4,57.7,55,84,0,Mountain,Prophet,15,0.09,0,1,1,0
18,84,15,0,95,17.3001,58,69.6001,0,18.4,55.8,55,84,0,Mountain,Prophet,14,0.03,0,1,-1,0
22,84,14,16,100,4.10006,76.5,65.6001,0,14.7,58,50,47,1,Plains,Warrior,30.1,0.24,0,1,-1,0
24,84,12,16,100,98.8,94,45.6001,0,6.37693,50,50,12,2,Forest,Warrior,1.23,0,0,1,-1,0
3,85,13,13,47.5,0,57.5,58.0001,0,18.5,51.7,50,85,0,Forest,Warrior,30,0.06,0,1,1,0
9,85,19,0,47.5,0,57.5,50.5001,0,18.5,57.7,55,85,0,Mountain,Prophet,15,0.09,0,1,1,0
18,85,15,0,92.5,16.2001,57.5,69.5001,0,18.5,55.8,55,85,0,Mountain,Prophet,14,0.03,0,1,-1,0
22,85,14,16,95,0,76,66.5001,0,14.8,59,50,48,1,Plains,Warrior,33.1,0.27,0,1,-1,0
24,85,12,16,100,98.7,93.5,45.5001,0,6.47693,50,50,13,2,Forest,Warrior,1.23,0,0,1,-1,0
3,86,13,13,39.5,0,57,59.9001,0,18.6,51.7,50,86,0,Forest,Warrior,32,0.06,0,1,1,0
9,86,19,0,39.5,0,57,50.4001,0,18.6,57.7,55,86,0,Mountain,Prophet,15,0.09,0,1,1,0
18,86,15,0,89.5,15.1001,57,69.4001,0,18.6,55.8,55,86,0,Mountain,Prophet,14,0.03,0,1,-1,0
22,86,14,16,90,0,75.5,67.4001,0,14.9,60,50,49,1,Plains,Warrior,36.1,0.3,0,1,-1,0
24,86,12,16,100,98.6,93,45.4001,0,6.57693,50,50,14,2,Forest,Warrior,1.23,0,0,1,-1,0
3,87,13,13,31,0,56.5,61.8001,0,18.7,51.7,50,87,0,Forest,Warrior,34,0.06,0,1,1,0
9,87,19,0,31,0,56.5,50.3001,0,18.7,57.7,55,87,0,Mountain,Prophet,15,0.09,0,1,1,0
18,87,15,0,86,14.0001,56.5,69.3001,0,18.7,55.8,55,87,0,Mountain,Prophet,14,0.03,0,1,-1,0
22,87,14,16,85,0,75,68.3001,0,15,61,50,50,1,Plains,Warrior,39.1,0.33,0,1,-1,0
24,87,12,16,100,98.5,92.5,45.3001,0,6.67693,50,50,15,2,Forest,Warrior,1.23,0,0,1,-1,0
3,88,13,13,22,0,56,63.7001,0,18.8,51.7,50,88,0,Forest,Warrior,36,0.06,0,1,1,0
9,88,19,0,22,0,56,50.2001,0,18.8,57.7,55,88,0,Mountain,Prophet,15,0.09,0,1,1,0
18,88,15,0,82,12.9001,56,69.2001,0,18.8,55.8,55,88,0,Mountain,Prophet,14,0.03,0,1,-1,0
22,88,14,16,80,0,74.5,69.2001,0,15.1,62,50,51,1,Plains,Warrior,42.1,0.36,0,1,-1,0
24,88,11,16,100,97.9,92,45.2001,0,6.77693,50,50,16,2,Forest,Warrior,1.23,0,0,1,-1,0
3,89,13,13,12.5,0,53.5,63.6001,0,20.9,51.7,50,89,0,Forest,Warrior,36,0.06,0,1,1,0
9,89,19,0,12.5,0,55.5,50.1001,0,18.9,57.7,55,89,0,Mountain,Prophet,15,0.09,0,1,1,0
18,89,15,0,77.5,11.8001,55.5,69.1001,0,18.9,55.8,55,89,0,Mountain,Prophet,14,0.03,0,1,-1,0
22,89,14,16,75,0,74,70.1001,0,15.2,63,50,52,1,Plains,Warrior,45.1,0.39,0,1,-1,0
24,89,11,16,100,95.8,91.5,45.6001,0,6.87693,50,50,17,2,Forest,Warrior,1.23,0,0,1,-1,0
3,90,13,13,2.5,0,53,65.5001,0,21,51.7,50,90,0,Forest,Warrior,38,0.06,0,1,1,0
9,90,19,0,2.5,0,55,50.0001,0,19,57.7,55,90,0,Mountain,Prophet,15,0.09,0,1,1,0
18,90,15,0,72.5,10.5001,55,69.0001,0,19,55.8,55,90,0,Mountain,Prophet,14,0.03,0,1,-1,0
22,90,14,16,70,0,73.5,71.0001,0,15.3,64,50,53,1,Plains,Warrior,48.1,0.42,0,1,2,0
24,90,11,16,100,90.7,91,50.5001,0,6.97693,51,50,18,2,Forest,Warrior,6.23,0,0,1,2,0
18,91,15,0,67,9.20009,54.5,68.9001,0,19.1,55.8,55,91,0,Mountain,Prophet,14,0.03,0,1,-1,0
22,91,14,16,65,0,73,71.9001,0,15.4,65,50,54,1,Plains,Warrior,51.1,0.45,0,1,2,0
24,91,11,16,100,99.9,90.5,50.4001,0,7.07693,51,50,19,2,Forest,Warrior,6.23,0,0,1,2,0
18,92,15,0,61,7.90009,54,68.8001,0,19.2,55.8,55,92,0,Mountain,Prophet,14,0.03,0,1,-1,0
22,92,14,16,60,0,72.5,72.8001,0,15.5,66,50,55,1,Plains,Warrior,54.1,0.48,0,1,2,0
24,92,12,16,100,99.2,90,50.3001,0,7.17693,51,50,20,2,Forest,Warrior,6.23,0,0,1,2,0
18,93,15,0,54.5,6.60009,53.5,68.7001,0,19.3,55.8,55,93,0,Mountain,Prophet,14,0.03,0,1,-1,0
22,93,14,16,55,0,72,73.7001,0,15.6,66.9,50,56,1,Plains,Warrior,57.1,0.51,0,1,2,0
24,93,12,16,100,99.1,89.5,50.2001,0,7.27693,51,50,21,2,Forest,Warrior,6.23,0,0,1,2,0
18,94,15,0,47.5,5.30009,53,68.6001,0,19.4,55.8,55,94,0,Mountain,Prophet,14,0.03,0,1,-1,0
22,94,14,16,50,0,71.5,75.6001,0,15.7,66.9,50,57,1,Plains,Warrior,59.1,0.51,0,1,2,0
24,94,13,16,100,98.4,89,50.1001,0,7.37693,51,50,22,2,Plains,Warrior,6.23,0,0,1,2,0
18,95,15,0,40,4.00009,52.5,68.5001,0,19.5,55.8,55,95,0,Mountain,Prophet,14,0.03,0,1,-1,0
22,95,14,16,45,0,71,77.5001,0,15.8,66.9,50,58,1,Plains,Warrior,61.1,0.51,0,1,2,0
24,95,13,16,100,68.3,88.5,50.0001,1.95,7.47693,51,50,23,2,Plains,Warrior,11.23,0,0,1,2,0
18,96,15,0,32,2.70009,52,68.4001,0,19.6,55.8,55,96,0,Mountain,Prophet,14,0.03,0,1,-1,0
22,96,14,16,40,0,70.5,78.4001,0,15.9,67.9,50,59,1,Plains,Warrior,64.1,0.54,0,1,2,0
24,96,13,16,100,68.2,88,49.9001,1.9,7.57693,51,50,24,2,Plains,Warrior,11.23,0,0,1,2,0
18,97,15,0,23.5,0.900092,51.5,68.3001,0,19.7,55.7,55,97,0,Mountain,Prophet,14,0.03,0,1,-1,0
22,97,14,16,35,0,70,78.3001,0,16,67.9,50,60,1,Plains,Warrior,64.1,0.54,0,1,2,0
24,97,13,16,100,68.1,87.5,49.8001,1.85,7.67693,51,50,25,2,Plains,Warrior,11.23,0,0,1,2,0
18,98,15,0,9.5,0,51,70.2001,0,19.8,55.7,55,98,0,Mountain,Prophet,16,0.03,0,1,-1,0
22,98,14,16,30,0,69.5,78.2001,0,16.1,67.9,50,61,1,Plains,Warrior,64.1,0.54,0,1,2,0
24,98,13,16,100,68,87,49.7001,1.8,7.77693,51,50,26,2,Plains,Warrior,11.23,0,0,1,2,0
22,99,14,16,25,0,69,83.1002,0,16.2,68.9,50,62,1,Plains,Warrior,64.1,0.54,0,1,2,0
24,99,13,16,100,67.9,86.5,49.6002,1.75,7.87693,51,50,27,2,Plains,Warrior,11.23,0,0,1,2,0
22,100,14,16,20,0,68.5,88.0002,0,16.3,69.9,50,63,1,Plains,Warrior,64.1,0.54,0,1,2,0
24,100,13,16,100,67.8,86,49.5002,1.7,7.97693,51,50,28,2,Plains,Warrior,11.23,0,0,1,2,0
